"","longitude","latitude"
"1",121.45806,31.22222
"2",28.94966,41.01384
"3",-58.37723,-34.61315
"4",72.88261,19.07283
"5",-99.12766,19.42847
"6",116.39723,39.9075
"7",67.0104,24.8608
"8",117.17667,39.14222
"9",113.25,23.11667
"10",77.23149,28.65195
"11",37.61556,55.75222
"12",114.0683,22.54554
"13",90.40744,23.7104
"14",126.9784,37.566
"15",-46.63611,-23.5475
"16",114.26667,30.58333
"17",3.39467,6.45407
"18",106.84513,-6.21462
"19",139.69171,35.6895
"20",-74.00597,40.71427
"21",113.74866,23.01797
"22",121.53185,25.04776
"23",15.31357,-4.32758
"24",-77.02824,-12.04318
"25",31.24967,30.06263
"26",-74.08175,4.60971
"27",-0.12574,51.50853
"28",106.55278,29.56278
"29",104.06667,30.66667
"30",44.40088,33.34058
"31",118.77778,32.06167
"32",51.42151,35.69439
"33",106.08473,30.79508
"34",114.17469,22.27832
"35",108.92861,34.25833
"36",74.35071,31.558
"37",123.43278,41.79222
"38",120.16142,30.29365
"39",-43.18223,-22.90642
"40",126.65,45.75
"41",117.12,36.18528
"42",120.59538,31.30408
"43",116.71479,23.36814
"44",100.50144,13.75398
"45",77.59369,12.97194
"46",30.31413,59.93863
"47",-70.64827,-33.45694
"48",88.36304,22.56263
"49",151.20732,-33.86785
"50",96.15611,16.80528
"51",116.99722,36.66833
"52",80.27847,13.08784
"53",113.64861,34.75778
"54",144.96332,-37.814
"55",46.72185,24.68773
"56",125.32278,43.88
"57",121.60222,38.91222
"58",-118.24368,34.05223
"59",91.83168,22.3384
"60",102.71833,25.03889
"61",29.91582,31.20176
"62",72.58727,23.02579
"63",120.38042,36.06488
"64",129.03004,35.10168
"65",-4.00167,5.35444
"66",8.51672,12.00012
"67",113.13148,23.02677
"68",78.45636,17.38405
"69",119.88872,29.45679
"70",139.65,35.43333
"71",3.90591,7.37756
"72",103.85007,1.28967
"73",120.28857,31.56887
"74",118.08187,24.47979
"75",32.85427,39.91987
"76",105.74238,34.57952
"77",121.54945,29.87819
"78",106.62965,10.82302
"79",110.77806,32.6475
"80",18.42322,-33.92584
"81",112.56028,37.86944
"82",13.41053,52.52437
"83",118.18333,39.63333
"84",117.28083,31.86389
"85",-3.70256,40.4165
"86",125.75432,39.03385
"87",-7.61138,33.58831
"88",118.06333,36.79056
"89",110.5723,21.31992
"90",31.0292,-29.8579
"91",112.97087,28.19874
"92",69.17233,34.52813
"93",87.60046,43.80096
"94",-66.87919,10.48801
"95",55.30927,25.07725
"96",73.85535,18.51957
"97",72.83023,21.19594
"98",39.18624,21.49012
"99",114.47861,38.04139
"100",80.34975,26.46523
"101",30.5238,50.45466
"102",13.23432,-8.83682
"103",121.0509,14.6488
"104",38.74689,9.02497
"105",36.81667,-1.28333
"106",-87.65005,41.85003
"107",-38.51083,-12.97111
"108",75.78781,26.91962
"109",39.26951,-6.82349
"110",103.83987,36.05701
"111",126.70515,37.45646
"112",112.03954,22.92833
"113",-79.4163,43.70011
"114",73.01582,19.03681
"115",47.7804,30.50852
"116",135.50218,34.69374
"117",45.34375,2.03711
"118",128.59111,35.87028
"119",73.08969,31.41554
"120",27.13838,38.41273
"121",-17.44406,14.6937
"122",80.92313,26.83928
"123",31.20861,30.00944
"124",-38.54306,-3.71722
"125",-76.5225,3.43722
"126",112.75083,-7.24917
"127",-43.93778,-19.92083
"128",115.85306,28.68396
"129",12.51133,41.89193
"130",59.60567,36.29807
"131",-73.94958,40.6501
"132",-95.36327,29.76328
"133",-73.83652,40.68149
"134",79.08491,21.14631
"135",-71.61245,10.66663
"136",-47.92972,-15.77972
"137",-69.89232,18.47186
"138",136.90641,35.18147
"139",153.02809,-27.46794
"140",-82.38304,23.13302
"141",2.3488,48.85341
"142",43.10555,36.33271
"143",28.04363,-26.20227
"144",114.18333,22.31667
"145",47.81507,30.50316
"146",76.92861,43.25667
"147",109.51028,18.22056
"148",-75.56359,6.25184
"149",69.21627,41.26465
"150",3.08746,36.73225
"151",32.53241,15.55177
"152",-0.1969,5.55602
"153",-79.88621,-2.19616
"154",109.78157,39.6086
"155",44.20667,15.35472
"156",35.50157,33.89332
"157",115.8614,-31.95224
"158",141.35,43.06667
"159",126.56028,43.85083
"160",26.10626,44.43225
"161",-13.68778,9.535
"162",75.8333,22.71792
"163",-99.06224,19.35529
"164",-13.67729,9.53795
"165",107.38599,40.74143
"166",-67.59113,10.23535
"167",98.66667,3.58333
"168",73.0479,33.59733
"169",27.56667,53.9
"170",19.04045,47.49835
"171",43.11889,36.335
"172",9.99302,53.55073
"173",-49.27306,-25.42778
"174",21.01178,52.22977
"175",107.60694,-6.92222
"176",27.85849,-26.26781
"177",16.37208,48.20849
"178",78.95925,11.73379
"179",-6.83255,34.01325
"180",-99.06064,19.60492
"181",2.15899,41.38879
"182",28.18783,-25.74486
"183",37.16117,36.20124
"184",-73.58781,45.50884
"185",120.95431,31.37762
"186",120.9822,14.6042
"187",85.13563,25.59408
"188",77.40289,23.25469
"189",-60.025,-3.10194
"190",114.06556,32.12278
"191",7.43879,10.52641
"192",104.91601,11.56245
"193",36.29128,33.5102
"194",-75.16379,39.95233
"195",-112.07404,33.44838
"196",51.67462,32.65246
"197",75.85379,30.91204
"198",31.05337,-17.82772
"199",135.183,34.6913
"200",106.9896,-6.2349
"201",120.31333,22.61626
"202",18.06871,59.32938
"203",120.96788,14.64953
"204",-103.39182,20.66682
"205",-73.96625,40.78343
"206",-57.647,-25.28646
"207",-34.88111,-8.05389
"208",127.38493,36.34913
"209",-98.49363,29.42412
"210",-1.62443,6.68848
"211",102.24333,6.12361
"212",135.75385,35.02107
"213",101.68653,3.1412
"214",50.99155,35.83266
"215",85.3206,27.70169
"216",104.7458,-2.91673
"217",71.47824,30.19679
"218",77.6838,8.72742
"219",-98.20346,19.03793
"220",105.84117,21.0245
"221",36.25272,49.98081
"222",78.01667,27.18333
"223",-64.18105,-31.4135
"224",46.2919,38.08
"225",82.9346,55.0415
"226",126.91556,35.15472
"227",29.06013,40.19559
"228",73.20812,22.29941
"229",-48.50444,-1.45583
"230",123.94363,41.88669
"231",-78.52495,-0.22985
"232",-117.16472,32.71571
"233",130.41667,33.6
"234",47.53613,-18.91368
"235",112.45361,34.68361
"236",68.37366,25.39242
"237",-73.86641,40.84985
"238",-68.00765,10.16202
"239",74.18705,32.15567
"240",-74.78132,10.96854
"241",113.62709,28.15861
"242",27.47938,-11.66089
"243",-51.23019,-30.03283
"244",106.63,-6.17806
"245",76.97982,28.60922
"246",-63.18117,-17.78629
"247",114.46778,36.60056
"248",32.58219,0.31628
"249",60.6122,56.8519
"250",89.56439,22.80979
"251",9.70428,4.04827
"252",75.67206,29.44768
"253",55.41206,25.33737
"254",39.82563,21.42664
"255",119.43194,-5.14861
"256",-106.46084,31.72024
"257",139.71722,35.52056
"258",106.71789,-6.28862
"259",110.01669,40.58337
"260",-117.00371,32.5027
"261",-96.80667,32.78306
"262",39.61417,24.46861
"263",11.51667,3.86667
"264",-8,12.65
"265",73.79096,19.99727
"266",110.42083,-6.99306
"267",15.28318,-4.26613
"268",73.80696,18.62292
"269",44.00205,56.32867
"270",35.94503,31.95522
"271",124.43972,7.20417
"272",20.46513,44.80401
"273",-56.18816,-34.90328
"274",28.28713,-15.40669
"275",113.86299,34.03189
"276",73.13554,19.2437
"277",72.96355,19.19704
"278",11.57549,48.13743
"279",35.48333,33.9
"280",52.53113,29.61031
"281",35.32531,36.98615
"282",127.00889,37.29111
"283",-101.67374,21.12908
"284",9.18951,45.46427
"285",-72.33881,18.54349
"286",138.59863,-34.92866
"287",77.70636,28.98002
"288",82.54826,19.23114
"289",77.31316,28.41124
"290",71.57849,34.008
"291",125.61278,7.07306
"292",96.08359,21.97473
"293",113.09481,29.37455
"294",-70.69703,19.4517
"295",32.47773,15.64453
"296",122.99,41.12361
"297",117.15707,34.18045
"298",77.43915,28.66535
"299",106.81861,-6.4
"300",139.65657,35.90807
"301",73.08333,19.21667
"302",32.58322,-25.96553
"303",-99.11075,19.49392
"304",119.30611,26.06139
"305",70.79322,22.29161
"306",-60.63932,-32.94682
"307",106.71667,26.58333
"308",-49.25389,-16.67861
"309",-46.53333,-23.46278
"310",14.42076,50.08804
"311",83.01041,25.31668
"312",104.02491,1.14937
"313",12.56553,55.67594
"314",23.32415,42.69751
"315",13.18733,32.88743
"316",7.0134,4.77742
"317",132.45,34.4
"318",-103.38479,20.72356
"319",100.22072,26.86879
"320",-100.31847,25.67507
"321",50.15,53.20007
"322",73.36859,54.99244
"323",5.62575,6.33815
"324",124.475,7.16083
"325",49.89201,40.37767
"326",13.15712,11.84692
"327",49.12214,55.78874
"328",-99.01483,19.40061
"329",44.51361,40.18111
"330",74.87534,31.62234
"331",-1.53388,12.36566
"332",139.63333,35.88333
"333",39.72328,47.23135
"334",81.84322,25.44478
"335",126.835,37.65639
"336",37.3825,37.05944
"337",83.20161,17.68009
"338",140.86667,38.26667
"339",61.42915,55.15402
"340",113.29139,40.09361
"341",44.83368,41.69411
"342",120.74221,31.64615
"343",120.6839,24.1469
"344",77.47772,10.01115
"345",108.70261,34.33778
"346",55.96779,54.74306
"347",127.13778,37.43861
"348",-47.06083,-22.90556
"349",79.95006,23.16697
"350",88.31857,22.57688
"351",116.99694,32.62639
"352",-121.89496,37.33939
"353",37.80224,48.023
"354",-6.24889,53.33306
"355",-114.08529,51.05011
"356",4.34878,50.85045
"357",75.34226,19.87757
"358",30.74383,46.48572
"359",44.50183,48.71939
"360",-43.45111,-22.75917
"361",116.36581,23.5418
"362",119.40259,35.99502
"363",73.85263,18.53017
"364",35.04066,48.46664
"365",130.85034,33.85181
"366",75.91044,17.67152
"367",115.49028,38.85111
"368",-90.51327,14.64072
"369",123.765,41.28861
"370",-1.89983,52.48142
"371",56.25017,58.01046
"372",74.80555,34.08565
"373",7.7227,11.11128
"374",-86.2504,12.13282
"375",25.61494,-33.96109
"376",-5.00028,34.03313
"377",6.95,50.93333
"378",129.31667,35.53722
"379",76.7884,30.73629
"380",76.96612,11.00555
"381",14.26811,40.85216
"382",-35.73528,-9.66583
"383",-75.51444,10.39972
"384",119.95401,31.77359
"385",39.58572,24.49258
"386",-10.7969,6.30054
"387",-76.79358,17.99702
"388",44.01193,36.18333
"389",-97.74306,30.26715
"390",92.86717,56.01839
"391",96.12972,19.745
"392",73.00594,26.26841
"393",140.11667,35.6
"394",-44.30278,-2.52972
"395",78.11953,9.919
"396",-6.79846,34.0531
"397",116.79167,33.97444
"398",-66.1568,-17.3895
"399",-4.0159,5.41613
"400",114.30742,34.7986
"401",44.18477,33.30563
"402",50.8764,34.6401
"403",74.59,42.87
"404",91.7458,26.1844
"405",7.36667,5.10658
"406",113.30119,33.73847
"407",78.17337,26.22983
"408",123.96045,47.34088
"409",101.44333,3.03667
"410",-68.82717,-32.89084
"411",32.48464,37.87135
"412",23.58979,-6.13603
"413",80.6466,16.50745
"414",-17.39071,14.76457
"415",7.68682,45.07049
"416",76.63925,12.29791
"417",-81.65565,30.33218
"418",120.66682,27.99942
"419",-122.41942,37.77493
"420",-2.97794,53.41058
"421",46.00861,51.54056
"422",77.06778,28.74322
"423",-87.20681,14.0818
"424",126.78306,37.49889
"425",-82.99879,39.96118
"426",39.1843,51.67204
"427",85.3094,23.34316
"428",106.88324,47.90771
"429",104.78498,10.99081
"430",48.6842,31.31901
"431",-71.535,-16.39889
"432",100.35427,-0.94924
"433",75.13378,15.34776
"434",121.45972,31.25861
"435",-7.99994,31.63416
"436",115.21667,-8.65
"437",101.53333,3.15
"438",-97.32085,32.72541
"439",-86.15804,39.76838
"440",-80.84313,35.22709
"441",-43.31167,-22.78556
"442",8.89212,9.92849
"443",-0.37739,39.46975
"444",4.54214,8.49664
"445",-77.11814,-12.05659
"446",-68.15,-16.5
"447",-75.69812,45.41117
"448",-69.35703,10.0647
"449",-106.08889,28.63528
"450",108.31667,22.81667
"451",-13.2356,8.48714
"452",103.7578,1.4655
"453",35.21633,31.76904
"454",105.26111,-5.42917
"455",106.78917,-6.59444
"456",77.09288,28.85267
"457",39.66359,-4.05466
"458",123.89071,10.31672
"459",58.40778,23.58413
"460",5.38107,43.29695
"461",36.08796,32.07275
"462",-99.23963,19.47851
"463",32.86268,39.9179
"464",70.30345,28.41987
"465",48.47168,34.77772
"466",3.47717,36.76639
"467",75.57917,31.32556
"468",76.94924,8.4855
"469",135.46667,34.58333
"470",114.38278,36.096
"471",-65.2226,-26.82414
"472",2.41833,6.36536
"473",78.15538,11.65376
"474",-89.61696,20.97537
"475",78.69651,10.8155
"476",36.72339,34.72682
"477",111.65222,40.81056
"478",2.1098,13.51366
"479",120.21333,22.99083
"480",120.87111,30.01556
"481",19.47395,51.77058
"482",50.10326,26.43442
"483",101.75739,36.62554
"484",47.0553,34.3838
"485",75.83907,25.18254
"486",-35.20944,-5.795
"487",85.83385,20.27241
"488",119.58833,39.93167
"489",112.61888,26.88946
"490",30.69556,36.90812
"491",19.93658,50.06143
"492",78.07464,27.88145
"493",108.22083,16.06778
"494",30.39278,-29.61679
"495",1.22154,6.12874
"496",-79.02998,-8.11599
"497",112.6304,-7.9797
"498",-62.64102,8.35122
"499",79.43167,28.36678
"500",30.05885,-1.94995
"501",-42.80194,-5.08917
"502",113.80151,35.19033
"503",-46.565,-23.69389
"504",130.30012,47.35118
"505",24.10589,56.946
"506",4.88969,52.37403
"507",35.11714,47.85167
"508",3.93125,7.85257
"509",67.00141,30.18414
"510",-1.15047,52.9536
"511",-54.64639,-20.44278
"512",58.38333,37.95
"513",-99.20329,19.35867
"514",73.47082,34.37002
"515",28.85671,41.03903
"516",45.4329,35.56496
"517",-100.97916,22.14982
"518",-102.28259,21.88234
"519",-72.50782,7.89391
"520",78.77684,28.83893
"521",15.0444,12.10672
"522",116.69472,39.50972
"523",114.02944,32.97944
"524",121.44081,37.47649
"525",24.02324,49.83826
"526",-110.97732,29.1026
"527",-113.46871,53.55014
"528",127.14889,35.82194
"529",-101.0053,25.42321
"530",113.15,27.83333
"531",101.58062,3.04384
"532",73.05881,19.30023
"533",101.44167,0.51667
"534",-5.97317,37.38283
"535",49.3461,53.5303
"536",-35.00139,-8.18028
"537",138.38333,34.98333
"538",-70,18.5
"539",88.60114,24.374
"540",-69.85707,18.48847
"541",116.89419,-1.24204
"542",73.02329,34.67719
"543",111.73861,35.20889
"544",28.58333,-20.15
"545",15.97798,45.81444
"546",-9.59815,30.42018
"547",18.35644,43.84864
"548",-57.95453,-34.92145
"549",10.16579,36.81897
"550",114.87944,40.81
"551",104.77689,29.34162
"552",-115.45446,32.62781
"553",121.65889,42.01556
"554",7.49883,6.44132
"555",-5.79975,35.76727
"556",115.04814,30.24706
"557",123.17306,41.27194
"558",-1.4659,53.38297
"559",-122.33207,47.60621
"560",-104.9847,39.73915
"561",-106.48693,31.75872
"562",130.69181,32.80589
"563",81.63333,21.23333
"564",125.17167,6.11278
"565",68.77905,38.53575
"566",-46.79167,-23.5325
"567",-83.04575,42.33143
"568",-107.38782,24.79032
"569",32.45889,-25.96222
"570",-0.87734,41.65606
"571",83.36889,26.76628
"572",112.9,27.85
"573",-100.25646,25.67678
"574",-99.90891,16.84942
"575",101.0829,4.5841
"576",-79.6583,43.5789
"577",-71.05977,42.35843
"578",115.01409,35.70506
"579",120.87472,32.03028
"580",129.6,44.58333
"581",23.72784,37.98376
"582",-46.53833,-23.66389
"583",-15.9785,18.08581
"584",11.86352,-4.77609
"585",-90.04898,35.14953
"586",-99.19538,19.54005
"587",-34.86306,-7.115
"588",126.82194,37.32361
"589",20.06859,32.11486
"590",8.68417,50.11552
"591",38.97603,45.04484
"592",110.28639,25.28194
"593",13.33561,38.13205
"594",79.84868,6.93548
"595",33.78725,-13.96692
"596",-0.63588,35.69906
"597",40.21721,37.91363
"598",121.0792,14.5243
"599",-90.05676,35.08676
"600",48.38657,54.32824
"601",73.9022,33.51836
"602",133.93333,34.65
"603",110.34271,21.28145
"604",48.08389,29.07694
"605",110.36472,-7.80139
"606",28.8575,47.00556
"607",17.03333,51.1
"608",127.48972,36.63722
"609",126.92694,37.3925
"610",8.12417,35.40417
"611",119.45508,32.21086
"612",-122.67621,45.52345
"613",-97.14704,49.8844
"614",124.39472,40.12917
"615",-97.51643,35.46756
"616",53.20448,56.84976
"617",-35.01472,-8.11278
"618",113.58333,24.8
"619",120.1573,33.3575
"620",-86.84656,21.17429
"621",-44.05361,-19.93167
"622",-100.38806,20.58806
"623",81.4285,21.20919
"624",122.04944,41.18806
"625",33.39404,47.90572
"626",43.14503,11.58901
"627",-115.13722,36.17497
"628",-76.61219,39.29038
"629",47.065,34.31417
"630",-99.16174,19.3467
"631",-47.81028,-21.1775
"632",42.95452,14.79781
"633",121.0614,14.58691
"634",-2.59665,51.45523
"635",86.18545,22.80278
"636",110.34167,20.04583
"637",44.02091,13.57952
"638",-45.88694,-23.17944
"639",-98.95038,19.42155
"640",119.90812,32.49069
"641",114.49417,37.06306
"642",72.85976,19.23496
"643",-103.41898,25.54389
"644",39.87368,57.62987
"645",28.32078,-26.18848
"646",137.73333,34.7
"647",76.26022,9.93988
"648",121.14167,41.10778
"649",77.75,20.93333
"650",54.39696,24.45118
"651",106.68345,20.86481
"652",-77.03637,38.89511
"653",73.04329,33.72148
"654",44.39222,35.46806
"655",74.56417,16.85438
"656",-87.90647,43.0389
"657",-123.11934,49.24966
"658",131.15389,46.63611
"659",114.00976,-7.70623
"660",83.76361,53.36056
"661",4.47917,51.9225
"662",-101.18443,19.70078
"663",114.65167,37.87917
"664",49.58862,37.27611
"665",3.34509,7.15571
"666",7.01228,51.45657
"667",35.48528,38.73222
"668",-4.25763,55.86515
"669",153.43088,-28.00029
"670",122.22833,40.66482
"671",7.49508,9.05785
"672",120.98278,14.45056
"673",117.65556,24.51333
"674",9.17702,48.78232
"675",-98.28835,26.08061
"676",7.466,51.51494
"677",131.87353,43.10562
"678",104.29639,52.29778
"679",35.00854,-15.78499
"680",-76.78319,18.00747
"681",29.01366,41.02274
"682",8.94439,44.40478
"683",85.87927,20.46497
"684",10.74609,59.91273
"685",139.32389,35.65583
"686",135.08379,48.48271
"687",135.13329,48.43776
"688",9.45356,0.39241
"689",57.07879,30.28321
"690",-79.84088,-6.77137
"691",45.07605,37.55274
"692",28.8598,41.00231
"693",117.36083,32.94083
"694",73.31495,28.01762
"695",-103.29327,20.64091
"696",-99.16206,19.29513
"697",29.12476,41.01643
"698",6.77616,51.22172
"699",114.59075,-3.31987
"700",11.96679,57.70716
"701",86.03694,44.3023
"702",-73.1198,7.12539
"703",-71.04949,42.33343
"704",110.33333,1.55
"705",16.92993,52.40692
"706",-4.42034,36.72016
"707",-5.03031,7.69385
"708",24.88069,12.04888
"709",38.93184,15.33805
"710",5.24322,13.06269
"711",-48.27722,-18.91861
"712",6.78569,6.14978
"713",139.98648,35.70129
"714",-106.65114,35.08449
"715",127.53639,39.91833
"716",-47.45806,-23.50167
"717",24.93545,60.16952
"718",79.58333,18
"719",-75.82667,20.02083
"720",124.37785,43.16143
"721",130.55,31.56667
"722",110.83167,-7.55611
"723",119.01917,33.58861
"724",72.15331,21.76287
"725",-57.5562,-38.00042
"726",71.6752,29.39779
"727",60.8629,29.4963
"728",45.03667,12.77944
"729",77.31497,19.16023
"730",55.0988,51.7727
"731",128.68111,35.22806
"732",21.16688,42.67272
"733",130.31633,46.79927
"734",121.12251,14.62578
"735",105.06216,29.58354
"736",8.80717,53.07582
"737",-5.54727,33.89352
"738",121.46719,25.01427
"739",72.67418,32.08586
"740",18.55496,4.36122
"741",25.2798,54.68916
"742",119.43583,32.39722
"743",87.1099,53.7557
"744",25.19099,0.51528
"745",32.3019,31.26531
"746",34.63886,36.81196
"747",-93.11308,16.75973
"748",84.86414,22.22496
"749",5.75006,5.51737
"750",120.03308,28.88162
"751",3.48818,6.60086
"752",117.64694,39.02111
"753",113.08333,22.58333
"754",-99.14612,19.44506
"755",-110.92648,32.22174
"756",-86.78444,36.16589
"757",40.41583,21.27028
"758",34.83889,-19.84361
"759",80.45729,16.29974
"760",-15.88333,14.85
"761",-71.21454,46.81228
"762",48.51456,34.79922
"763",116.86667,38.31667
"764",-89.18718,13.68935
"765",78.03392,30.32443
"766",-56.09667,-15.59611
"767",101.60671,3.10726
"768",113.54611,22.20056
"769",72.85107,19.30157
"770",28.87619,41.0435
"771",39.6916,54.6269
"772",-119.77237,36.74773
"773",-79.84963,43.25011
"774",65.52722,57.15222
"775",87.30801,23.51583
"776",-104.65756,24.02032
"777",74.63867,26.4521
"778",-9.13333,38.71667
"779",111.69844,29.03205
"780",113.23306,35.23972
"781",73.15,19.21667
"782",74.23167,16.69563
"783",39.57076,52.60311
"784",88.42851,26.71004
"785",9.73322,52.37052
"786",30.52056,39.77667
"787",48.57011,34.79049
"788",-65.41166,-24.7859
"789",45.00464,53.20066
"790",28.2268,-25.99636
"791",72.96134,20.76957
"792",-49.24389,-16.82333
"793",-70.57577,-33.61169
"794",121.03269,14.55027
"795",125.92639,41.71972
"796",52.41122,55.72545
"797",-1.13169,52.6386
"798",118.37351,31.33728
"799",139.00589,37.88637
"800",77.19072,28.65136
"801",12.37129,51.33962
"802",30.3899,59.99675
"803",6.76516,51.43247
"804",86.98333,23.68333
"805",49.69809,34.09493
"806",48.04076,46.34968
"807",113.56778,22.27694
"808",129.36481,36.02917
"809",11.07752,49.45421
"810",112.24472,30.30722
"811",47.50236,42.97638
"812",107.5425,-6.87222
"813",102.63202,37.92672
"814",70.06673,22.47292
"815",-121.4944,38.58157
"816",-37.07167,-10.91111
"817",55.47878,25.40177
"818",101.224,24.2774
"819",37.21644,19.61745
"820",-60.70868,-31.64881
"821",-88.025,15.50417
"822",-99.65324,19.28786
"823",-99.25675,19.55793
"824",32.52627,29.97371
"825",13.73832,51.05089
"826",84.97437,56.49771
"827",15.39139,-4.38361
"828",77.54522,29.9679
"829",-99.21598,19.64388
"830",76.83757,17.33583
"831",31.99296,46.97625
"832",88.40113,22.86643
"833",44.34625,32.02594
"834",-38.96667,-12.26667
"835",101.53281,3.08507
"836",37.54131,47.09514
"837",134.7,34.81667
"838",30.9754,52.4345
"839",110.46417,19.2425
"840",6.23589,7.55122
"841",127.0474,37.7415
"842",27.91162,-33.01529
"843",54.3675,31.89722
"844",44.065,9.56
"845",74.53134,32.49268
"846",86.08333,55.33333
"847",111.28472,30.71444
"848",126.8169,37.20682
"849",-94.57857,39.09973
"850",106.27306,38.46806
"851",21.43141,41.99646
"852",27.92615,-26.67313
"853",4.29861,52.07667
"854",-118.18923,33.76696
"855",-90.60711,14.63077
"856",4.84671,45.74846
"857",-51.16278,-23.31028
"858",-111.82264,33.42227
"859",121.47331,28.69844
"860",139.90144,35.77995
"861",-43.35028,-21.76417
"862",135.33199,34.71562
"863",37.61822,54.19609
"864",-74.13986,40.56233
"865",139.71072,35.80521
"866",-100.18839,25.78195
"867",106.90722,27.68667
"868",120.75,30.7522
"869",-43.39944,-22.76417
"870",74.86911,32.73569
"871",125.13583,42.90361
"872",-3.19648,55.95206
"873",-84.38798,33.749
"874",22.41659,-5.89624
"875",26.214,-29.12107
"876",112.14479,32.0422
"877",18.64912,54.35227
"878",8.32695,4.95893
"879",101.70539,26.5479
"880",-48.84556,-26.30444
"881",36.75783,35.13179
"882",78.03602,15.82887
"883",4.40026,51.22047
"884",136.61667,36.6
"885",27.1352,38.37396
"886",122.07389,6.91028
"887",49.66007,58.59665
"888",75.77643,23.18239
"889",116.0724,5.9749
"890",-104.82136,38.83388
"891",-43.10361,-22.88333
"892",115.70111,37.73222
"893",36.57151,28.3998
"894",109.325,-0.03194
"895",-1.54785,53.79648
"896",125.40778,38.7375
"897",122.95,10.66667
"898",-43.37222,-22.80389
"899",122.97889,10.63111
"900",-75.97799,36.85293
"901",79.45206,18.80084
"902",39.31706,48.56705
"903",124.84892,1.48218
"904",73.10211,49.80187
"905",-78.63861,35.7721
"906",116.58139,35.405
"907",6.61472,36.365
"908",104.25047,23.36306
"909",31.58247,4.85165
"910",30.76498,36.89157
"911",139.88333,36.56667
"912",-97.50417,25.87972
"913",38.79392,37.16708
"914",117.95883,40.9519
"915",131.6,33.23333
"916",-3.18,51.48
"917",-68.53639,-31.5375
"918",47.25194,56.13222
"919",28.25958,-26.21197
"920",124.64722,8.48222
"921",-95.94043,41.25626
"922",132.76574,33.83916
"923",-100.30222,25.74167
"924",135.41667,34.71667
"925",-72.39922,18.54114
"926",88.36667,22.83333
"927",120.93667,14.32944
"928",38.31667,38.35018
"929",-80.19366,25.77427
"930",88.21528,22.50833
"931",-75.69611,4.81333
"932",75.7804,11.24802
"933",97.62825,16.49051
"934",-73.25383,-3.74912
"935",133.76667,34.58333
"936",125.93278,39.43167
"937",28.86847,41.10652
"938",13.39771,9.30143
"939",-1.13004,37.98704
"940",32.9,-2.51667
"941",7.9335,5.05127
"942",126.6,48.26667
"943",15.03063,12.07689
"944",74.53462,20.54966
"945",75.92694,14.46693
"946",20.51095,54.70649
"947",44.02488,32.61603
"948",126.83149,35.12725
"949",-48.37222,-1.36556
"950",116.82887,-1.26753
"951",-79.76633,43.68341
"952",1.44367,43.60426
"953",34.78057,32.08088
"954",71.67257,40.9983
"955",7.60177,12.99082
"956",26.73506,-27.97742
"957",-74.19904,11.24079
"958",31.1669,30.97063
"959",-99.10499,19.44361
"960",75.56602,21.00292
"961",139.66722,35.28361
"962",76.9981,20.70957
"963",74.50447,15.85212
"964",-96.1429,19.18095
"965",35.23388,31.78336
"966",121.37491,28.58023
"967",34.37167,53.25209
"968",29.15507,40.93567
"969",47.33457,24.15541
"970",-64.68618,10.13625
"971",116.62262,23.65396
"972",-96.91589,19.53124
"973",5.22087,7.62329
"974",17.10674,48.14816
"975",85.00385,24.79686
"976",73.71346,24.58584
"977",26.7384,-10.98303
"978",32.6421,25.69893
"979",-75.23222,4.43889
"980",120.57864,30.00237
"981",40.97139,56.99719
"982",41.27694,39.90861
"983",5.19312,7.25256
"984",31.18368,27.18096
"985",103.61667,-1.6
"986",31.38069,31.03637
"987",-122.2708,37.80437
"988",82.69633,22.3458
"989",85.95644,23.78707
"990",-66.10572,18.46633
"991",25.46674,-10.71484
"992",174.76349,-36.84853
"993",68.85889,27.70323
"994",74.85603,12.91723
"995",114.04272,33.56394
"996",121.00144,14.53748
"997",33.52134,44.60795
"998",-99.18594,19.48698
"999",69.6,42.3
"1000",113.56333,37.8575
"1001",59.04722,53.41861
"1002",78.57994,25.45887
"1003",-48.54917,-27.59667
"1004",10.08305,53.58334
"1005",-46.33361,-23.96083
"1006",-63.18323,9.74569
"1007",-93.26384,44.97997
"1008",78.13425,8.76735
"1009",48.2933,38.2498
"1010",129.88333,32.75
"1011",120.45861,41.57028
"1012",34.46672,31.50161
"1013",36.18735,51.73733
"1014",-103.23423,20.62445
"1015",126.52194,33.50972
"1016",-79.51973,8.9936
"1017",-99.10356,19.25465
"1018",14.55302,53.42894
"1019",106.82432,10.94469
"1020",-90.58544,14.52512
"1021",-44.08667,-19.76694
"1022",135.64914,34.81352
"1023",-1.90858,34.68139
"1024",31.00192,30.78847
"1025",29.9318,-27.75796
"1026",79.98697,14.44992
"1027",120.96861,24.80361
"1028",130.95718,45.30109
"1029",39.19793,-6.16394
"1030",-95.99277,36.15398
"1031",121.29696,24.99368
"1032",36.39998,15.45099
"1033",4.09152,6.40948
"1034",2.65024,39.56939
"1035",28.21323,-12.80243
"1036",46.25726,31.05799
"1037",35.90057,56.85836
"1038",35.21961,31.78199
"1039",139.45083,35.54028
"1040",111.96272,21.85563
"1041",136.76039,35.42291
"1042",77.35456,11.11541
"1043",121.7419,25.12825
"1044",-3.93723,35.25165
"1045",-2.23743,53.48095
"1046",-122.82509,49.10635
"1047",-40.2925,-20.32972
"1048",119.10194,36.71
"1049",139.47666,35.34926
"1050",28.63659,-12.95867
"1051",76.58469,8.88113
"1052",-40.30778,-20.12861
"1053",36.3361,41.27976
"1054",24.75353,59.43696
"1055",10.14597,5.9597
"1056",30.21669,13.18421
"1057",-75.55795,6.33732
"1058",119.15944,34.59972
"1059",118.1179,5.8402
"1060",43.97497,26.32599
"1061",65.71013,31.61332
"1062",-46.62278,-23.68611
"1063",-97.33754,37.69224
"1064",-90.07507,29.95465
"1065",91.18503,23.46186
"1066",100.59675,13.59934
"1067",39.2666,-15.11646
"1068",-97.10807,32.73569
"1069",-81.69541,41.4995
"1070",-15.59767,11.86357
"1071",122.56444,10.69694
"1072",42.73333,18.3
"1073",-41.33044,-21.75227
"1074",-58.98389,-27.46056
"1075",15.09254,32.37535
"1076",-46.46139,-23.66778
"1077",2.35566,6.44852
"1078",7.21648,51.48165
"1079",-99.1564,19.3727
"1080",26.16874,44.4234
"1081",135.46932,34.78244
"1082",-99.09778,19.39528
"1083",-44.19833,-19.96778
"1084",133.36667,34.48333
"1085",14.91162,-9.29782
"1086",-72.30278,18.54472
"1087",-77.28111,1.21361
"1088",41.13221,37.88738
"1089",174.77557,-41.28664
"1090",-15.41343,28.09973
"1091",-106.4062,23.2329
"1092",-51.17944,-29.16806
"1093",59.965,57.91944
"1094",-101.35628,20.67675
"1095",7.1756,51.50168
"1096",116.31046,37.45127
"1097",27.77515,-26.08577
"1098",88.37404,22.69089
"1099",89.32266,25.00146
"1100",137.38333,34.76667
"1101",114.63333,33.63333
"1102",-73.692,45.56995
"1103",-75.20486,-12.06513
"1104",37.92576,48.04782
"1105",119.01028,25.43944
"1106",36.92641,37.5847
"1107",135.1501,34.2152
"1108",19.81889,41.3275
"1109",-49.37944,-20.81972
"1110",23.90961,54.90272
"1111",-99.51639,27.47629
"1112",-119.01871,35.37329
"1113",115.04472,40.61028
"1114",101.9381,2.7297
"1115",-99.20024,19.43411
"1116",-2.18538,53.00415
"1117",113.85353,27.61672
"1118",43.38323,38.49457
"1119",-157.85833,21.30694
"1120",48.3043,30.3392
"1121",109.59961,27.93557
"1122",-64.6328,10.21382
"1123",28.46871,49.2322
"1124",16.60796,49.19522
"1125",30.3449,53.9168
"1126",88.98673,24.41112
"1127",-82.45843,27.94752
"1128",26.01649,44.43579
"1129",149.12807,-35.28346
"1130",135.80485,34.68505
"1131",74.73843,19.09457
"1132",74.77737,20.9013
"1133",-34.85528,-8.00889
"1134",-6.5802,34.26101
"1135",18.00762,53.1235
"1136",103.326,3.8077
"1137",11.33875,44.49381
"1138",127.1522,36.8065
"1139",-66.80786,10.47679
"1140",68.21204,27.55898
"1141",35.38344,14.03493
"1142",172.63333,-43.53333
"1143",41.9734,45.0428
"1144",137.15,35.08333
"1145",174.87986,-36.99282
"1146",112.46091,23.04893
"1147",29.1167,40.9833
"1148",86.97183,25.24446
"1149",73.98556,31.71287
"1150",-46.835,-23.52272
"1151",7.14816,51.25627
"1152",-0.8393,9.40079
"1153",107.60627,51.82721
"1154",138.18333,36.65
"1155",-4.2979,11.17715
"1156",22.56667,51.25
"1157",80.87173,44.05305
"1158",-104.83192,39.72943
"1159",-1.51217,52.40656
"1160",-63.57291,44.6464
"1161",117.04723,30.51365
"1162",71.36667,42.9
"1163",121.04528,14.81389
"1164",-75.51738,5.06889
"1165",126.86639,37.47722
"1166",48.49628,36.67642
"1167",140.88333,37.05
"1168",120.93851,14.45896
"1169",142.36489,43.77063
"1170",-98.95088,19.27032
"1171",128.88111,35.23417
"1172",40.5433,64.5401
"1173",128.18333,-3.69583
"1174",117.14583,-0.49167
"1175",-99.15766,19.3984
"1176",-2.92528,43.26271
"1177",-64.26149,-27.79511
"1178",135.61678,34.84833
"1179",22.93086,40.64361
"1180",-92.93028,17.98689
"1181",-70.20749,8.62261
"1182",-75.28189,2.9273
"1183",-100.31791,25.79698
"1184",137.16667,34.95
"1185",56.2808,27.1865
"1186",55.9432,25.78953
"1187",105.93333,26.25
"1188",135.51567,34.76143
"1189",135.16667,34.23333
"1190",-117.9145,33.83529
"1191",121.60444,23.97694
"1192",123.94944,10.31028
"1193",76.39335,22.23507
"1194",28.01213,-25.93312
"1195",77.70332,29.47091
"1196",11.24626,43.77925
"1197",46.99883,35.31495
"1198",76.56784,18.39721
"1199",-35.88111,-7.23056
"1200",-77.91694,21.38083
"1201",-81.23304,42.98339
"1202",118.96361,42.26833
"1203",127.61861,39.83167
"1204",71.44598,51.1801
"1205",26.13321,44.4528
"1206",36.58015,50.61074
"1207",32.66347,13.1629
"1208",130.85048,45.76347
"1209",51.53096,25.28545
"1210",-67.47421,10.22856
"1211",65.33333,55.45
"1212",89.25166,25.74664
"1213",74.07846,32.97465
"1214",30.2049,55.1904
"1215",124.24344,8.2289
"1216",-74.76459,10.91843
"1217",113.38521,22.51682
"1218",-47.64917,-22.72528
"1219",8.55,47.36667
"1220",78.41376,17.48486
"1221",72.31687,31.26981
"1222",36.68333,-3.36667
"1223",80.16152,13.09818
"1224",140.38333,37.4
"1225",24.75,42.15
"1226",-100.8157,20.52353
"1227",31.07555,-18.01274
"1228",139.97732,35.86224
"1229",35.79011,35.53168
"1230",80.27921,41.18418
"1231",-16.67806,13.43833
"1232",139.46903,35.79916
"1233",-58.8344,-27.46784
"1234",36.27542,54.5293
"1235",-51.06639,0.03889
"1236",-78.66389,35.78682
"1237",-99.23075,18.9261
"1238",7.26608,43.70313
"1239",126.55444,37.97083
"1240",-63.54086,8.12923
"1241",139.48528,35.90861
"1242",90.40232,23.89154
"1243",30.47607,59.97305
"1244",28.00123,-26.0941
"1245",76.92398,15.14205
"1246",-46.34833,-23.48611
"1247",34.11079,44.95719
"1248",133.53333,33.55
"1249",-1.38222,54.90465
"1250",-117.86783,33.74557
"1251",-49.06056,-22.31472
"1252",-84.08333,9.93333
"1253",-0.48149,38.34517
"1254",134.05,34.33333
"1255",123.84139,42.29306
"1256",50.0041,36.26877
"1257",85.39055,26.12259
"1258",88.37472,22.67111
"1259",-104.89569,21.50951
"1260",33.51989,14.40118
"1261",112.83278,35.50222
"1262",-43.86167,-16.735
"1263",8.53333,52.03333
"1264",29.36142,-3.38193
"1265",123.92222,10.32361
"1266",48.18428,30.44079
"1267",77.67215,27.5035
"1268",48.35583,33.48778
"1269",-89.13989,13.71024
"1270",76.3922,30.33625
"1271",127.44361,39.15278
"1272",-0.3023,51.55306
"1273",76.96667,52.28333
"1274",-4.77275,37.89155
"1275",79.29523,19.95076
"1276",-51.18361,-29.91778
"1277",39.72569,43.59917
"1278",129.77583,41.79556
"1279",129.50778,42.9075
"1280",74.64081,25.34707
"1281",-5.36837,35.57845
"1282",-46.18833,-23.52278
"1283",137.21667,36.7
"1284",-80.63282,-5.19449
"1285",-3.01479,53.39337
"1286",76.21667,10.51667
"1287",84.7929,19.31151
"1288",-46.39194,-23.96306
"1289",36.07849,52.96508
"1290",-97.39638,27.80058
"1291",113.36306,31.71111
"1292",-55.89608,-27.36708
"1293",47.14483,31.83561
"1294",44.77973,48.78583
"1295",-117.39616,33.95335
"1296",-98.88284,19.31556
"1297",-73.62664,4.142
"1298",-46.88417,-23.18639
"1299",-79.47068,9.05032
"1300",32.0401,54.7818
"1301",-54.61111,-25.50972
"1302",-52.34101,-31.76997
"1303",79.90918,27.88165
"1304",140.11667,39.71667
"1305",-16.92602,14.78944
"1306",14.31593,10.59095
"1307",-58.61956,-34.6509
"1308",-48.95278,-16.32667
"1309",75.56791,13.93157
"1310",66.95972,39.65417
"1311",33.09251,68.97917
"1312",-0.10304,51.53622
"1313",-76.26306,20.88722
"1314",82.60586,49.97143
"1315",44.92552,31.99289
"1316",117.94287,28.45179
"1317",116.11667,-8.58333
"1318",72.34424,40.78206
"1319",-0.97113,51.45625
"1320",27.6,47.16667
"1321",-4.72372,41.65518
"1322",77.22445,28.63576
"1323",139.78916,35.89035
"1324",44.66778,43.03667
"1325",23.8258,53.6884
"1326",19.02754,50.25841
"1327",76.58917,28.89447
"1328",122.82076,45.60746
"1329",-78.57833,-9.08528
"1330",23.6,46.76667
"1331",121.16528,14.21167
"1332",9.84388,10.31032
"1333",37.9,59.13333
"1334",-90.19789,38.62727
"1335",-75.68111,4.53389
"1336",45.81817,32.5128
"1337",21.22571,45.75372
"1338",39.88398,59.2239
"1339",28.98717,41.06046
"1340",-84.45855,38.0498
"1341",-0.33525,53.7446
"1342",-74.21682,4.57937
"1343",-6.90656,33.92866
"1344",-2.70452,53.76282
"1345",46.36056,40.68278
"1346",120.85327,40.76432
"1347",29.0875,37.77417
"1348",3.34205,6.59651
"1349",7.09549,50.73438
"1350",18.28204,49.83465
"1351",27.91667,43.21667
"1352",-40.33778,-20.31944
"1353",117.78333,30.95
"1354",124.4,8.25
"1355",-71.96734,-13.52264
"1356",-51.93861,-23.42528
"1357",131.41667,31.91667
"1358",98.864,3.6253
"1359",-74.55387,-8.37915
"1360",117.20789,29.2947
"1361",-46.25639,-23.99306
"1362",125.75583,38.50722
"1363",40.39658,56.13655
"1364",-70.3954,-23.65236
"1365",26.72595,-29.26737
"1366",102.26554,-3.80044
"1367",125.54361,8.94917
"1368",-97.87777,22.28519
"1369",-78.84957,43.90012
"1370",121.1262,14.2726
"1371",113.50087,52.03171
"1372",151.7801,-32.92953
"1373",-73.25322,10.46314
"1374",5.72805,34.85038
"1375",8.46694,49.4891
"1376",31.28487,51.50551
"1377",35.85,32.55556
"1378",77.1022,13.34136
"1379",128.08472,35.19278
"1380",-2.99835,51.58774
"1381",117.89115,4.24482
"1382",118.49165,37.46271
"1383",78.39781,27.15092
"1384",30.8418,29.30995
"1385",-63.90389,-8.76194
"1386",-65.29712,-24.19457
"1387",28.36938,-26.23656
"1388",-121.29078,37.9577
"1389",121.0409,14.5832
"1390",78.0988,18.67154
"1391",86.84372,23.73166
"1392",-99.14599,23.74174
"1393",-99.00507,19.28689
"1394",-47.40083,-20.53861
"1395",81.77784,17.00517
"1396",-79.99589,40.44062
"1397",23.8,44.31667
"1398",28.63432,44.18073
"1399",45.1749,54.1838
"1400",67.11087,36.70904
"1401",87.85691,23.25572
"1402",13.00073,55.60587
"1403",74.07542,32.5742
"1404",127.68333,26.21667
"1405",23.68775,52.09755
"1406",72.04965,34.19794
"1407",73.41667,61.25
"1408",-3.94323,51.62079
"1409",83.24959,43.42649
"1410",110.48967,24.78081
"1411",65.50917,44.85278
"1412",100.33543,5.41123
"1413",121.08071,14.34267
"1414",67.20591,24.94343
"1415",27.57081,9.01222
"1416",32.73083,39.96833
"1417",-71.15611,8.58972
"1418",120.58333,15.15
"1419",-1.75206,53.79391
"1420",120.5675,15.16222
"1421",-149.90028,61.21806
"1422",-109.94083,27.48642
"1423",136.97229,35.24762
"1424",113.69953,-8.17211
"1425",140.73333,40.81667
"1426",135.86667,35
"1427",88.48198,22.72154
"1428",39.22321,38.67431
"1429",79.943,18.191
"1430",-119.34997,50.36386
"1431",-8.72264,42.23282
"1432",135.00687,34.65524
"1433",88.34115,22.64859
"1434",-84.51439,39.12711
"1435",75.72294,29.15394
"1436",79.02699,28.81014
"1437",136.61667,34.96667
"1438",127.66215,34.76062
"1439",0.71433,51.53782
"1440",141.15,39.7
"1441",-71.55183,-33.02457
"1442",34.80029,50.9216
"1443",140.46667,37.75
"1444",28.05028,45.43687
"1445",-49.06611,-26.91944
"1446",77.53601,28.49615
"1447",77.33,28.58
"1448",-54.58806,-25.54778
"1449",49.58764,25.36467
"1450",82.23809,16.96036
"1451",76.96825,29.38747
"1452",80.26669,50.42675
"1453",8.52139,7.73375
"1454",150.89345,-34.424
"1455",-50.16194,-25.095
"1456",6.54776,9.61524
"1457",23.16433,53.13333
"1458",33.45,-8.9
"1459",100.51477,13.86075
"1460",128.336,36.1136
"1461",41.44326,52.73169
"1462",15.07041,37.49223
"1463",49.59028,25.40768
"1464",10.41759,5.47775
"1465",74.45025,31.11866
"1466",5.12222,52.09083
"1467",110.29359,20.00073
"1468",-34.87306,-7.94083
"1469",44.41963,32.46367
"1470",-47.40167,-22.56472
"1471",76.77081,19.26855
"1472",-123.35155,48.4359
"1473",109.1,21.48333
"1474",114.41523,23.11147
"1475",32.61458,46.63695
"1476",28.90417,40.99441
"1477",114.11329,22.37137
"1478",-82.69238,38.45647
"1479",-82.70905,38.41258
"1480",5.41373,36.19112
"1481",34.55367,49.58925
"1482",-9.23718,32.29939
"1483",124.39806,40.10056
"1484",26.12085,44.37571
"1485",107.59546,16.4619
"1486",85.89707,26.15216
"1487",10.08333,53.56667
"1488",30.40333,40.78056
"1489",29.27067,40.96072
"1490",-114.98194,36.0397
"1491",-79.79198,36.07264
"1492",-51.02333,-30.08111
"1493",31.502,30.58768
"1494",-93.09327,44.94441
"1495",103.1408,5.3302
"1496",32.27225,30.60427
"1497",-70.2261,8.5931
"1498",42.98845,36.86709
"1499",8.40444,49.00937
"1500",147.15089,-9.47723
"1501",-96.69889,33.01984
"1502",140.08333,35.51667
"1503",126.95444,35.94389
"1504",109.19432,12.24507
"1505",-46.31083,-23.5425
"1506",76.625,27.56246
"1507",121.1222,14.5786
"1508",-72.28528,18.5125
"1509",139.08333,36.4
"1510",82.15543,22.08005
"1511",153.10944,-27.63917
"1512",-71.62963,-33.036
"1513",119.87083,-0.90833
"1514",123.60694,-10.17083
"1515",28.67669,50.26487
"1516",-74.17237,40.73566
"1517",-75.59913,6.18461
"1518",-99.3068,19.64177
"1519",29.43068,40.80276
"1520",90.71768,23.92298
"1521",6.17414,35.55597
"1522",118.29778,32.32194
"1523",29.04236,37.80544
"1524",136.8,35.3
"1525",-70.25362,-18.01465
"1526",9.984,53.58935
"1527",72.36265,34.7795
"1528",-83.55521,41.66394
"1529",-116.60071,31.87149
"1530",4.92235,7.65649
"1531",47.89078,56.63877
"1532",38.89688,47.23617
"1533",-66.66474,10.23291
"1534",38.05325,48.33576
"1535",-83.01654,42.30008
"1536",-99.10689,19.62923
"1537",4.74161,7.62789
"1538",40.92686,57.76647
"1539",-5.66152,43.53573
"1540",16.86982,41.12066
"1541",-96.66696,40.8
"1542",51.53609,32.6856
"1543",10.76028,34.74056
"1544",-1.55336,47.21725
"1545",-79.00453,-2.90055
"1546",5.58681,7.1962
"1547",-62.27243,-38.71959
"1548",106.92667,-6.91806
"1549",32.05738,49.44452
"1550",25.60613,45.64861
"1551",137.00995,50.55034
"1552",140.73667,41.77583
"1553",3.18291,36.72615
"1554",13.80227,10.74244
"1555",-38.65306,-3.73611
"1556",7.74553,48.58392
"1557",-5.92541,54.59682
"1558",75.98951,39.47066
"1559",43.30778,33.42056
"1560",74.46054,16.69117
"1561",135.56828,34.81641
"1562",135.6,34.61667
"1563",62.19967,34.34817
"1564",-75.20917,20.14444
"1565",43.61889,43.49806
"1566",120.59306,16.41639
"1567",-43.17861,-22.505
"1568",51.42444,25.29194
"1569",8.24932,50.08258
"1570",-75.88143,8.74798
"1571",14.50513,46.05108
"1572",45.97077,28.43279
"1573",134.82905,34.76943
"1574",26.07144,44.38808
"1575",26.97936,49.41835
"1576",108.2207,-7.3274
"1577",75.71537,16.82442
"1578",-81.37924,28.53834
"1579",118.34278,35.06306
"1580",-1.47663,52.92277
"1581",121.0473,14.3595
"1582",7.62571,51.96236
"1583",7.09654,51.50508
"1584",126.39181,34.81282
"1585",-100.45813,25.67325
"1586",36.04639,32.01778
"1587",17.08323,-22.55941
"1588",20.79995,-6.41621
"1589",30.12969,31.13379
"1590",134.56667,34.06667
"1591",34.9885,32.81841
"1592",55.95015,53.62462
"1593",41.69073,27.52188
"1594",25.93241,48.29045
"1595",2.16179,41.38896
"1596",89.79123,22.65657
"1597",113.55284,30.94454
"1598",111.31667,23.48333
"1599",-117.0842,32.64005
"1600",123.63333,47.20417
"1601",92.71791,23.72894
"1602",6.08342,50.77664
"1603",49.66861,40.58972
"1604",124.21667,8.16667
"1605",34.34691,61.78491
"1606",26.12583,11.46186
"1607",7.49461,5.52491
"1608",-102.05644,19.41116
"1609",-74.07764,40.72816
"1610",104.68168,31.46784
"1611",37.01611,39.74833
"1612",29.23323,-25.87133
"1613",57.20718,50.27969
"1614",-60.52897,-31.73271
"1615",75.88636,19.84102
"1616",78.55757,17.34769
"1617",6.44172,51.18539
"1618",-79.2663,43.86682
"1619",76.05526,22.96585
"1620",-75.39778,9.30472
"1621",122.26528,43.6125
"1622",-47.93194,-19.74833
"1623",-111.84125,33.30616
"1624",-85.12886,41.1306
"1625",-4.14305,50.37153
"1626",88.37727,22.64132
"1627",84.88724,45.58473
"1628",81.26566,40.54184
"1629",36.07225,-0.30719
"1630",105.78825,10.03711
"1631",10.89851,48.37154
"1632",139.33735,35.32785
"1633",83.21667,17.7
"1634",116.00206,29.70475
"1635",113.10583,41.0275
"1636",-76.61316,2.43823
"1637",44.12766,17.49326
"1638",49.12424,14.54248
"1639",-78.87837,42.88645
"1640",-0.41748,51.87967
"1641",109.6753,-6.8886
"1642",-64.18256,10.45397
"1643",80.82719,24.57726
"1644",-67.81,-9.97472
"1645",-78.89862,35.99403
"1646",79.02133,26.77615
"1647",-103.49588,25.56985
"1648",-53.45528,-24.95583
"1649",-82.67927,27.77086
"1650",2.10028,41.35967
"1651",4.83528,7.09316
"1652",33.48333,-19.11639
"1653",-117.82311,33.66946
"1654",24.6522,60.2052
"1655",-3.74569,40.38897
"1656",-108.99808,25.79302
"1657",101.61417,56.1325
"1658",-98.73329,20.11697
"1659",34.89277,36.91766
"1660",-99.50754,27.50641
"1661",53.06009,36.56332
"1662",81.27619,21.19147
"1663",26.22743,50.62308
"1664",-96.72365,17.06542
"1665",-100.93792,22.18912
"1666",89.17886,42.94769
"1667",7.71481,5.18194
"1668",115.47358,35.23929
"1669",140.36667,38.23333
"1670",108.557,-6.7063
"1671",-51.13056,-29.67833
"1672",92.00955,21.43973
"1673",18.53188,54.51889
"1674",-3.7242,40.39094
"1675",88.41521,22.89396
"1676",-40.83944,-14.86611
"1677",111.66778,32.38583
"1678",-73.11684,-36.72494
"1679",32.03768,-28.78301
"1680",-2.12296,52.58547
"1681",25.34936,13.62793
"1682",103.78877,1.43801
"1683",-16.96667,14.78333
"1684",41.86611,9.59306
"1685",-73.08644,7.06222
"1686",126.99508,46.63954
"1687",-46.87611,-23.51056
"1688",48.7516,33.8973
"1689",9.95679,53.57416
"1690",104.83333,26.59444
"1691",51.57544,35.42867
"1692",-77.00742,-12.13588
"1693",-45.55528,-23.02639
"1694",112.53278,32.99472
"1695",120.68445,15.03425
"1696",37.66122,-6.82102
"1697",-41.94944,-18.85111
"1698",79.41989,13.63551
"1699",95.33333,5.54167
"1700",122.00806,39.61833
"1701",77.01937,28.99478
"1702",-79.96472,22.40694
"1703",4.18156,7.63527
"1704",125.50194,8.94417
"1705",11.16729,10.28969
"1706",9.93333,53.55
"1707",80.10981,13.1147
"1708",-46.40278,-24.00583
"1709",-72.83037,19.93984
"1710",-99.16204,19.38611
"1711",21.90333,43.32472
"1712",33.93117,13.1483
"1713",-70.6996,-33.59217
"1714",-56.1325,-15.64667
"1715",-8.61099,41.14961
"1716",-44.10417,-22.52306
"1717",120.95,14.66667
"1718",-53.80694,-29.68417
"1719",-101.85517,33.57786
"1720",-89.40123,43.07305
"1721",-97.39735,18.46422
"1722",136.22257,36.06443
"1723",3.87635,43.61093
"1724",12.45819,9.27949
"1725",19.12409,50.79646
"1726",80.30181,13.15823
"1727",-76.30361,3.53944
"1728",64.42861,39.77472
"1729",-0.1357,51.4975
"1730",-111.78903,33.35283
"1731",78.73874,23.83877
"1732",102.78589,17.41567
"1733",12.92922,50.8357
"1734",-75.72861,-14.06777
"1735",58.56685,51.20487
"1736",27.83795,-26.71171
"1737",-72.225,7.76694
"1738",140.45,36.35
"1739",-76.28522,36.84681
"1740",119.45528,35.4275
"1741",-1.40428,50.90395
"1742",98.25257,15.82288
"1743",-8.396,43.37135
"1744",83.56111,25.94167
"1745",130.95,33.95
"1746",-70.13333,-15.5
"1747",114.97927,27.11716
"1748",54.44391,36.8427
"1749",76.5531,60.9344
"1750",10.52673,52.26594
"1751",114.1925,35.89917
"1752",96.48135,17.33521
"1753",85.52389,25.20084
"1754",-66.87558,10.43424
"1755",-58.72927,-34.66627
"1756",-3.662,40.39354
"1757",39.72694,41.005
"1758",89.21371,23.16971
"1759",27.42647,38.61202
"1760",-85.75941,38.25424
"1761",-43.85139,-19.76972
"1762",126.71139,35.97861
"1763",127.94528,37.35139
"1764",54.48267,24.35893
"1765",103.88639,52.53667
"1766",37.71667,55.65
"1767",77.78068,28.72985
"1768",74.93893,30.20747
"1769",40.14084,35.33588
"1770",110.06639,34.56528
"1771",45.01432,10.43959
"1772",-99.01,19.68028
"1773",-75.70164,45.47723
"1774",104.63994,28.7593
"1775",-68.0591,-38.95161
"1776",125.00472,11.24333
"1777",37.76752,44.72439
"1778",-119.8138,39.52963
"1779",32.89942,24.09082
"1780",-80.24422,36.09986
"1781",79.5793,27.39134
"1782",29.23187,41.00244
"1783",139.01667,36.33333
"1784",77.60813,14.67784
"1785",-77.03116,3.8801
"1786",48.85062,38.75428
"1787",-112.18599,33.53865
"1788",138.68333,35.16667
"1789",37.42969,55.89704
"1790",-3.05,53.81667
"1791",113.44294,30.3708
"1792",141.5,40.5
"1793",-79.49827,43.8361
"1794",-50.99278,-29.94218
"1795",135.62759,34.76615
"1796",-99.21118,19.33212
"1797",89.87696,24.05783
"1798",130.51667,33.31667
"1799",27.88611,39.64917
"1800",-72.59842,-38.73965
"1801",6.55381,51.33645
"1802",58.18911,23.67027
"1803",88.45086,22.22516
"1804",10.21076,56.15674
"1805",129.72502,33.16834
"1806",121.0584,13.7567
"1807",49.62251,27.0174
"1808",94.73212,16.77919
"1809",109.1402,-6.8694
"1810",-80.27811,25.8576
"1811",1.66598,9.70853
"1812",91.87198,24.89904
"1813",-96.63888,32.91262
"1814",19.26361,42.44111
"1815",75.04032,23.33033
"1816",-111.89903,33.50921
"1817",-96.94889,32.81402
"1818",24.71248,48.92312
"1819",21.25808,48.71395
"1820",70.64029,30.04587
"1821",-94.4447,18.14905
"1822",112.73194,37.68028
"1823",2.19933,41.41814
"1824",73.10186,30.66595
"1825",-2.67268,42.84998
"1826",129.73306,62.03389
"1827",-76.27494,36.81904
"1828",-35.97611,-8.28333
"1829",32.72671,26.16418
"1830",-60.67333,2.81972
"1831",112.01667,-7.81667
"1832",-58.15527,6.80448
"1833",79.474,18.755
"1834",42.54536,-0.35817
"1835",44.18333,13.96667
"1836",63.57861,39.07328
"1837",-115.1175,36.19886
"1838",-3.60667,37.18817
"1839",51.82447,55.63657
"1840",2.60359,6.49646
"1841",11.97947,51.48158
"1842",-80.5112,43.42537
"1843",28.18577,-25.85891
"1844",34.60617,48.51716
"1845",125.8046,7.4475
"1846",10.01667,53.55
"1847",43.45539,56.24143
"1848",-1.76029,4.89816
"1849",10.13489,54.32133
"1850",111.51889,36.08889
"1851",-121.98857,37.54827
"1852",29.47306,0.49113
"1853",-0.5805,44.84044
"1854",73.87496,29.92009
"1855",139.40434,35.33638
"1856",3.71667,51.05
"1857",121.13285,14.55883
"1858",139.79957,35.83643
"1859",13.58472,7.32765
"1860",127.48784,34.9505
"1861",127.29223,36.59245
"1862",-58.76813,-34.51541
"1863",50.815,61.664
"1864",-0.70107,38.26218
"1865",44.77166,1.71594
"1866",59.61028,42.45306
"1867",-58.26374,-34.72904
"1868",31.30084,29.84144
"1869",6.74768,6.01277
"1870",-0.75583,52.04172
"1871",11.62916,52.12773
"1872",-50.92806,-17.79806
"1873",68.40369,26.23939
"1874",35.84415,34.43352
"1875",77.49009,27.21731
"1876",-73.51806,45.53121
"1877",139.36931,35.44272
"1878",-72.22625,18.57677
"1879",25.3971,-33.75757
"1880",26.01667,44.95
"1881",100.48772,5.647
"1882",98.4854,3.6001
"1883",121.61722,13.93139
"1884",-42.53667,-19.46833
"1885",79.12856,18.43915
"1886",-91.18747,30.44332
"1887",105.08091,10.01245
"1888",3.05858,50.63297
"1889",113.99163,4.39928
"1890",-3.65132,40.44505
"1891",0.14866,51.44162
"1892",-47.26694,-22.82194
"1893",30.46823,31.03408
"1894",-77.34306,25.05823
"1895",-57.50879,-25.33968
"1896",-70.15027,-20.21326
"1897",32.26618,48.50834
"1898",79.82979,11.93381
"1899",19.10385,50.28682
"1900",-82.3597,23.0881
"1901",30.75813,28.09193
"1902",37.84167,51.29667
"1903",115.97766,36.45596
"1904",6.66412,12.17024
"1905",11.63333,52.15
"1906",21.14714,51.40253
"1907",-58.9142,-34.45866
"1908",88.34222,22.75278
"1909",124.86283,46.64142
"1910",57.68191,36.2126
"1911",15.73917,-12.77611
"1912",45.68895,43.31195
"1913",144.36069,-38.14711
"1914",77.35567,16.20546
"1915",116.99961,23.67704
"1916",78.45818,17.50107
"1917",13.26701,10.26858
"1918",26.04831,44.49239
"1919",28.84281,-2.49077
"1920",-84.47772,37.98869
"1921",-39.31528,-7.21306
"1922",90.40646,24.75636
"1923",76.98448,29.69197
"1924",27.8725,-26.1625
"1925",39.09875,-5.06893
"1926",113.1,30.65
"1927",-65.26274,-19.03332
"1928",40.68538,-14.56257
"1929",34.64966,31.79213
"1930",139.44279,35.49527
"1931",-5.84476,43.36029
"1932",-55.16682,5.86638
"1933",38.27629,37.76441
"1934",84.66335,25.55629
"1935",73.45155,30.81029
"1936",90.50298,23.61352
"1937",109.08495,35.07474
"1938",93.9442,24.80805
"1939",51.36525,32.63464
"1940",-115.14666,36.09719
"1941",65.78905,38.86056
"1942",88.8007,22.16547
"1943",118.73528,9.73917
"1944",117.75194,35.90056
"1945",-16.25462,28.46824
"1946",125.71472,38.04056
"1947",15.45,47.06667
"1948",4.1863,7.36983
"1949",25.59067,49.55404
"1950",-46.85222,-23.64889
"1951",-58.17313,-26.18489
"1952",40.21443,47.70911
"1953",127.5405,50.27961
"1954",120.28278,14.82917
"1955",17.19386,44.77842
"1956",107.12999,10.56815
"1957",58.79575,36.21329
"1958",115.5525,29.85058
"1959",29.2214,53.1384
"1960",34.78939,31.97102
"1961",-90.52554,19.84386
"1962",-77.46026,37.55376
"1963",120.96648,15.48586
"1964",-3.7314,40.4984
"1965",33.40484,49.06253
"1966",82.56534,25.1449
"1967",15.55256,38.19394
"1968",79.87116,6.84019
"1969",135.35697,34.79936
"1970",87.32501,22.33971
"1971",86.42992,23.79759
"1972",79.13909,10.78523
"1973",2.24741,41.45004
"1974",139.61382,35.97145
"1975",121.1929,14.4646
"1976",6.8625,51.47805
"1977",100.98345,13.3622
"1978",10.98444,45.4299
"1979",86.719,53.9059
"1980",35.26993,0.52036
"1981",106.81583,39.68442
"1982",13.68459,4.57728
"1983",-47.49167,-5.52639
"1984",-69.30864,18.4539
"1985",73.16667,19.2
"1986",100.73333,4.85
"1987",100.36014,6.12104
"1988",109.23444,-7.42139
"1989",-49.22417,-25.29167
"1990",-73.80569,40.69149
"1991",38.84259,58.0446
"1992",147.32941,-42.87936
"1993",121.11139,14.31222
"1994",34.76171,-0.10221
"1995",-117.28977,34.10834
"1996",120.93667,14.42972
"1997",37.81178,55.70196
"1998",7.85222,47.9959
"1999",-0.88333,52.25
"2000",107.44333,-6.55694
"2001",37.18139,55.9825
"2002",-0.13415,51.56733
"2003",69.01255,25.5276
"2004",-6.45022,6.87735
"2005",39.47528,13.49667
"2006",85.20722,52.53639
"2007",-73.04977,-36.82699
"2008",19.83694,45.25167
"2009",121.71667,39.1
"2010",-101.42056,26.90687
"2011",-71.13333,8.41667
"2012",-110.3005,24.14437
"2013",31.27104,58.52131
"2014",7.03325,5.48363
"2015",30.36072,59.93111
"2016",3.64633,6.8485
"2017",-46.79167,-23.62611
"2018",39.26667,8.55
"2019",77.43227,8.17899
"2020",25.34244,50.75932
"2021",5.32415,60.39299
"2022",27.97429,45.27152
"2023",50.60607,35.95411
"2024",105.823,32.44201
"2025",46.2089,36.521
"2026",-117.42908,47.65966
"2027",1.29834,52.62783
"2028",-45.96583,-23.30528
"2029",139.54837,35.65924
"2030",117.09503,-0.58295
"2031",-70.74444,-34.17083
"2032",21.03487,52.1934
"2033",-110.94217,31.30862
"2034",-86.80249,33.52066
"2035",100.4667,5.36301
"2036",121.1631,13.9411
"2037",-49.94583,-22.21389
"2038",10.68729,53.86893
"2039",101.7498,2.6931
"2040",-0.98623,37.60512
"2041",28.67732,41.02697
"2042",-120.99688,37.6391
"2043",33.50639,39.84528
"2044",119.7,49.2
"2045",2.01667,41.56667
"2046",42.50528,18.21639
"2047",13.6332,32.43501
"2048",30.2981,31.3073
"2049",137.96667,36.23333
"2050",113.2503,22.84067
"2051",109.22367,13.77648
"2052",-93.60911,41.60054
"2053",73.32335,25.77276
"2054",-82.37703,23.03811
"2055",89.37108,24.85098
"2056",63.62463,53.21435
"2057",36.15722,36.20655
"2058",-77.61556,43.15478
"2059",127.73417,37.87472
"2060",107.08426,10.34599
"2061",5.47778,51.44083
"2062",99.0687,2.9595
"2063",126.58523,40.96946
"2064",-51.38889,-22.12556
"2065",117.61861,26.24861
"2066",31.69478,26.55695
"2067",-1.67429,48.11198
"2068",-51.14722,-29.76028
"2069",3.91731,6.81944
"2070",77.28371,30.12796
"2071",102.10196,14.97066
"2072",18.59814,53.01375
"2073",-67.15,-17.98333
"2074",20.62752,50.87033
"2075",81.29234,24.53256
"2076",-68.97285,18.42733
"2077",25.90859,-24.65451
"2078",117.78917,39.24889
"2079",-112.17765,33.50199
"2080",-122.44429,47.25288
"2081",13.53601,-12.3644
"2082",174.75,-36.8
"2083",106.69556,-6.2375
"2084",55.6809,29.45137
"2085",-77.10428,38.88101
"2086",121.3256,14.0683
"2087",-6.13606,36.68645
"2088",-117.43505,34.09223
"2089",-119.17705,34.1975
"2090",106.70083,-6.55472
"2091",139.74966,35.98308
"2092",21.91833,47.0458
"2093",7.76667,36.9
"2094",2.10942,41.54329
"2095",-3.86496,40.32234
"2096",49.40234,-18.1492
"2097",88.63779,25.62745
"2098",-99.16944,19.60833
"2099",-39.28028,-14.78556
"2100",135.36667,34.46667
"2101",116.97889,33.63611
"2102",-47.89083,-22.0175
"2103",14.28611,48.30639
"2104",-3.35996,40.48205
"2105",106.10294,30.77576
"2106",138.86667,35.1
"2107",-117.23059,33.93752
"2108",78.54263,17.50427
"2109",138.23642,37.14828
"2110",21.62444,47.53167
"2111",77.51524,17.90802
"2112",11.88586,45.40797
"2113",-76.95111,20.96167
"2114",105.75635,10.29085
"2115",-47.22,-22.85833
"2116",-66.15572,18.39856
"2117",125,46.58333
"2118",-105.23018,20.617
"2119",91.27939,23.83605
"2120",11.03283,50.9787
"2121",86.47455,25.37459
"2122",10.13333,3.8
"2123",30.25377,59.94091
"2124",139.15972,35.25556
"2125",-0.32824,5.69775
"2126",36.24778,37.07417
"2127",-122.95263,49.26636
"2128",52.6786,36.55102
"2129",76.23026,21.30868
"2130",23.78712,61.49911
"2131",-92.25749,14.90385
"2132",112.32833,28.58917
"2133",27.8,41.15917
"2134",9.98388,53.46057
"2135",103.20639,35.60028
"2136",90.37013,22.70497
"2137",106.95917,-6.39472
"2138",72.86157,22.69385
"2139",-37.34417,-5.1875
"2140",28.3496,57.8136
"2141",-78.87836,35.05266
"2142",110.99278,35.02306
"2143",14.26191,32.64861
"2144",-117.99923,33.6603
"2145",16.38233,48.16116
"2146",72.97836,31.72091
"2147",-46.93417,-23.54889
"2148",84.74709,25.78031
"2149",107.29806,-6.15917
"2150",-44.24667,-19.46583
"2151",-70.63419,-33.58331
"2152",-73.89875,40.93121
"2153",-118.25508,34.14251
"2154",98.98468,18.79038
"2155",69.15,54.86667
"2156",-71.45206,10.39907
"2157",77.98036,10.36896
"2158",-88.32007,41.76058
"2159",-86.29997,32.36681
"2160",-84.98771,32.46098
"2161",33.3642,35.17531
"2162",-79.17536,-0.25305
"2163",70.45153,34.42647
"2164",8.08098,5.80865
"2165",38.0618,24.08954
"2166",4.44448,50.41136
"2167",-49.1632,-28.21171
"2168",-123.08241,49.08938
"2169",31.47,30.03
"2170",107.91639,-6.85861
"2171",34.88747,32.08707
"2172",76.8504,30.69461
"2173",37.06933,-1.03326
"2174",72.7985,40.52828
"2175",51.36667,51.23333
"2176",12.72764,32.7571
"2177",-6.74047,33.99722
"2178",9.66407,11.55965
"2179",83.96851,28.26689
"2180",73.48531,31.5709
"2181",37.54889,55.93583
"2182",75.13996,27.61206
"2183",5.0913,51.55551
"2184",47.8007,52.02782
"2185",41.1234,44.9892
"2186",74.22304,31.97526
"2187",88.89169,25.77769
"2188",52.35072,36.46961
"2189",30.11209,49.80939
"2190",-2.08333,52.5
"2191",7.47168,51.36081
"2192",-106.66892,52.13238
"2193",18.67658,50.29761
"2194",87.30461,44.00782
"2195",120.81039,14.8443
"2196",-101.8313,35.222
"2197",77.85773,28.40392
"2198",-57.44545,-25.3552
"2199",-1.64323,42.81687
"2200",87.47422,25.77895
"2201",103.30372,23.69767
"2202",12.14049,54.0887
"2203",111.81667,2.3
"2204",28.7402,41.18355
"2205",-79.96053,-3.25861
"2206",-92.28959,34.74648
"2207",76.3871,15.26954
"2208",-3.79415,40.28419
"2209",116.09307,39.93819
"2210",-81.51901,41.08144
"2211",-71.65542,-35.4264
"2212",77.02635,28.4601
"2213",-97.83623,22.27228
"2214",-93.75018,32.52515
"2215",108.44193,11.94646
"2216",59.22114,32.86628
"2217",-6.6363,4.74851
"2218",102.6,17.96667
"2219",-2.09814,57.14369
"2220",132.56658,34.23222
"2221",29.92928,40.76499
"2222",4.02853,49.26526
"2223",-13.18797,27.1418
"2224",-48.32766,-10.16745
"2225",-49.90222,-6.0675
"2226",127.4425,37.27917
"2227",146.80569,-19.26639
"2228",78.56959,28.58498
"2229",-47.33139,-22.73917
"2230",46.10528,51.48389
"2231",72.68333,23.21667
"2232",27.46781,42.50606
"2233",80.39405,23.83776
"2234",138.85,37.45
"2235",127.1394,37.5986
"2236",-69.67344,11.4045
"2237",139.5383,35.72526
"2238",113.0482,22.456
"2239",-85.66809,42.96336
"2240",122.51507,-3.9778
"2241",-40.50083,-9.39861
"2242",-5.27674,6.82055
"2243",9.5,51.31667
"2244",77.06799,28.67957
"2245",39.8302,64.5635
"2246",-88.04305,30.69436
"2247",-1.09125,50.79899
"2248",6.91729,6.01962
"2249",106.73306,-6.42139
"2250",-44.89065,-20.14355
"2251",28.80203,41.09307
"2252",114.83333,30.4
"2253",-38.62556,-3.87667
"2254",135.40126,34.78427
"2255",106.17729,20.43389
"2256",135.80325,34.89044
"2257",81.13888,16.18747
"2258",128.17778,41.40167
"2259",-111.89105,40.76078
"2260",-76.64361,20.37417
"2261",87.57044,25.53852
"2262",104.45833,0.91667
"2263",88.94875,24.80418
"2264",-1.61396,54.97328
"2265",21.13912,55.7068
"2266",18.78576,50.32492
"2267",57.32903,37.47473
"2268",-66.54241,10.474
"2269",113.67306,22.81899
"2270",-0.63085,35.18994
"2271",100.47668,7.00836
"2272",122.74754,40.85158
"2273",136.58333,34.88333
"2274",8.9881,13.80716
"2275",106.55639,-6.26583
"2276",-73.85472,7.06528
"2277",59.65083,55.17111
"2278",124.6075,11.00639
"2279",76.13968,28.79304
"2280",-86.58594,34.7304
"2281",116.96556,35.40056
"2282",-8.47061,51.89797
"2283",43.78599,33.34913
"2284",5.42333,7.46478
"2285",25.04099,60.29414
"2286",138.56667,35.66667
"2287",18.97523,-33.73378
"2288",-84.28073,30.43826
"2289",70.12652,28.3091
"2290",31.09785,29.07441
"2291",-47.64874,-15.61791
"2292",-115.07306,36.21108
"2293",48.4681,53.1585
"2294",18.93282,50.34802
"2295",23.45278,-7.00906
"2296",125.00639,11.25111
"2297",135.43333,34.48333
"2298",-54.70833,-2.44306
"2299",108.37089,30.81544
"2300",28.44644,-14.4469
"2301",36.88833,-17.87861
"2302",-65.78524,-28.46957
"2303",-2.45974,36.83814
"2304",-38.32417,-12.6975
"2305",119.8877,-8.4964
"2306",106.85417,-6.48167
"2307",115.64204,22.94593
"2308",-82.4017,23.0072
"2309",104.17023,36.54696
"2310",120.57117,15.22303
"2311",-47.41361,-22.75361
"2312",119.94217,37.18073
"2313",88.4,21.9
"2314",21.08545,52.24424
"2315",-52.09861,-32.035
"2316",-96.99778,32.74596
"2317",-7.38298,33.68607
"2318",-0.2,51.35
"2319",70.9425,40.52861
"2320",158.65076,53.04444
"2321",-99.50578,17.5506
"2322",13.77678,45.64953
"2323",-41.11278,-20.84889
"2324",16.46002,48.2333
"2325",18.81619,-5.04098
"2326",-83.69667,22.41667
"2327",123.437,7.8257
"2328",89.2372,24.00644
"2329",-80.44662,22.14957
"2330",34.7913,31.25181
"2331",-94.67079,38.98223
"2332",81.23315,26.2309
"2333",28.4,-26.25
"2334",31.00904,30.55258
"2335",140.65,36.6
"2336",47.03333,-19.86586
"2337",12.72778,32.75222
"2338",111.5239,-7.6298
"2339",78.16025,29.94791
"2340",-3.7635,40.32718
"2341",34.3592,11.7891
"2342",-70.29792,-18.4746
"2343",0.10767,49.4938
"2344",-1.78116,51.55797
"2345",82.67535,24.19973
"2346",-79.43725,43.87111
"2347",-1.97499,43.31283
"2348",7.82089,51.68033
"2349",-83.92074,35.96064
"2350",42.74497,0.06968
"2351",-97.45946,20.53315
"2352",79.8816,6.773
"2353",29.98333,39.42417
"2354",8.2791,49.98419
"2355",120.96083,14.73694
"2356",10.21472,45.53558
"2357",-71.80229,42.26259
"2358",-76.97335,-12.05048
"2359",112.75417,32.12722
"2360",90.41426,23.73625
"2361",70.45981,21.51966
"2362",32.67086,-18.9707
"2363",18.26034,0.04865
"2364",109.38263,-6.89193
"2365",118.58583,24.91389
"2366",-66.33563,-33.29501
"2367",6.14569,46.20222
"2368",120.59794,15.48017
"2369",72.65,30.16667
"2370",-97.49748,25.90175
"2371",126.41965,41.93853
"2372",74.46667,27.7
"2373",117.55417,34.86472
"2374",144.37472,42.975
"2375",2.07805,49.03894
"2376",34.95333,40.54889
"2377",81.10437,16.71311
"2378",85.31417,27.67658
"2379",-80.71271,-0.96212
"2380",107.6175,-6.81167
"2381",2.1546,41.37263
"2382",75.78506,21.04365
"2383",100.49883,13.91301
"2384",76.35086,21.82427
"2385",-3.80444,43.46472
"2386",5.56749,50.63373
"2387",-66.88248,10.16245
"2388",140.23333,35.71667
"2389",61.9329,56.4185
"2390",-42.85944,-22.74444
"2391",2.8277,36.47004
"2392",-76.46965,37.08339
"2393",-118.54259,34.39166
"2394",87.27007,26.45505
"2395",27.39767,-26.36094
"2396",81.59474,27.57429
"2397",-79.66634,44.40011
"2398",95.13583,22.10856
"2399",-123.13683,49.17003
"2400",11.09699,43.8805
"2401",113.2159,-7.7543
"2402",75.02898,29.53489
"2403",-66.61934,10.47027
"2404",125.31454,46.40202
"2405",7.00982,49.23262
"2406",115.65,34.45
"2407",35.81831,31.9545
"2408",6.56667,53.21917
"2409",17.24707,40.46438
"2410",102.2405,2.196
"2411",88.36796,22.86225
"2412",128.87239,37.75266
"2413",88.25155,24.10473
"2414",35.73947,-6.17221
"2415",-0.18312,51.11303
"2416",-47.56139,-22.41139
"2417",89.91655,24.24984
"2418",13.46306,-5.83861
"2419",-0.04935,39.98567
"2420",-75.7225,45.33619
"2421",51.88333,47.11667
"2422",37.51991,55.60686
"2423",127.06169,37.83311
"2424",-47.2119,-23.08842
"2425",71.64856,22.72706
"2426",51.6457,35.3242
"2427",-75.66727,4.83916
"2428",-52.40667,-28.26278
"2429",114.32201,29.84347
"2430",123.74073,13.14125
"2431",86.15231,41.76055
"2432",124.24639,7.22361
"2433",37.55472,55.42419
"2434",83.41148,18.11692
"2435",-71.41283,41.82399
"2436",4.90421,8.01714
"2437",112.8919,30.421
"2438",113.03333,25.8
"2439",-3.70184,42.34106
"2440",26.66672,-26.85213
"2441",100.93111,13.17372
"2442",1.31699,35.37103
"2443",-9.23083,38.75382
"2444",1.15545,52.05917
"2445",139.55495,35.69423
"2446",3.39393,8.66762
"2447",1.33452,36.16525
"2448",-80.14338,26.12231
"2449",-73.93042,40.65371
"2450",137.08054,34.95828
"2451",-115.245,36.10803
"2452",42.69459,42.26791
"2453",-82.32798,23.16076
"2454",112.19028,30.35028
"2455",78.54813,14.7502
"2456",92.89835,20.14624
"2457",39.00788,35.95283
"2458",95.85844,20.87776
"2459",9.7351,4.7182
"2460",79.13255,12.9184
"2461",88.39674,22.90877
"2462",76.3264,9.49004
"2463",-89.55972,13.99417
"2464",-85.30968,35.04563
"2465",48.82166,34.30158
"2466",19.04686,49.82245
"2467",142.73603,46.95407
"2468",5.21413,52.37025
"2469",16.43915,43.50891
"2470",4.39,45.43389
"2471",78.46984,28.90314
"2472",-104.6178,50.45008
"2473",119.16999,32.28034
"2474",-16.48962,16.01793
"2475",22.26869,60.45148
"2476",-111.90931,33.41477
"2477",113.46667,29.81667
"2478",-117.37948,33.19587
"2479",-69.9454,18.45539
"2480",140.1,36.2
"2481",50.3566,35.0213
"2482",-2.63706,53.54296
"2483",-117.94145,33.77391
"2484",44.9521,38.5503
"2485",34.02071,-11.46556
"2486",39.31667,37.75503
"2487",-117.59311,34.1064
"2488",-81.94953,26.56285
"2489",125.83278,44.1525
"2490",140.4725,40.59306
"2491",-122.71443,38.44047
"2492",123.18139,13.61917
"2493",-46.91917,-23.60389
"2494",141.60333,42.63694
"2495",80.12707,12.9246
"2496",106.73833,-6.34278
"2497",-11.73833,7.96472
"2498",75.65287,32.27484
"2499",139.22361,35.37111
"2500",115.77028,33.87722
"2501",106.50833,-6.23639
"2502",78.78728,26.56671
"2503",-68.0125,10.47306
"2504",143.20444,42.91722
"2505",131.25111,33.94306
"2506",37.55629,48.72305
"2507",77.16662,31.10442
"2508",-0.1,51.38333
"2509",98.60028,12.43954
"2510",-73.88236,40.66677
"2511",34.30627,31.34018
"2512",9.76582,1.86391
"2513",28.12843,-25.98953
"2514",-98.90202,19.41687
"2515",80.04454,15.50357
"2516",-122.66149,45.63873
"2517",75.6167,15.4167
"2518",113.82465,23.29549
"2519",110.49278,-7.33194
"2520",20.77806,48.10306
"2521",30.55222,37.76444
"2522",109.50891,34.50355
"2523",-16.07259,14.15197
"2524",-1.98396,52.58528
"2525",7.22572,51.5388
"2526",37.76005,55.67738
"2527",-1.2,53.13333
"2528",20.49416,53.77995
"2529",-46.74528,-23.28167
"2530",139.40028,35.67306
"2531",34.85992,32.33291
"2532",118.17361,26.645
"2533",6.0099,9.08044
"2534",-96.70033,43.54997
"2535",20.73972,42.21389
"2536",123.57583,41.81444
"2537",26.91384,46.56718
"2538",-1.25596,51.75222
"2539",100.53362,13.65855
"2540",120.33325,16.04313
"2541",-112.23738,33.5806
"2542",-117.65089,34.06334
"2543",72.92467,20.94237
"2544",6.87967,51.43218
"2545",100.56177,5.36499
"2546",85.82494,19.79825
"2547",88.10975,22.06046
"2548",-90.18481,32.29876
"2549",72.96464,50.05494
"2550",68.43761,28.28187
"2551",80.14368,17.24767
"2552",-65.95739,18.38078
"2553",29.13779,-3.39534
"2554",-80.45445,-1.05458
"2555",88.12449,25.61281
"2556",137.01667,36.75
"2557",88.14573,25.00447
"2558",-50.43278,-21.20889
"2559",115.81667,32.9
"2560",103.31689,2.03046
"2561",-1.85643,38.99424
"2562",120.71361,36.97583
"2563",82.68689,25.75356
"2564",-91.82991,18.64592
"2565",15.66129,38.11047
"2566",80.00742,9.66845
"2567",21.31667,46.18333
"2568",37.39077,11.59364
"2569",26.0139,53.1327
"2570",-98.89775,19.26174
"2571",5.92836,43.12442
"2572",34.48347,31.5272
"2573",-48.17556,-21.79444
"2574",4.76108,36.07321
"2575",-0.54774,47.47381
"2576",2.1677,41.41849
"2577",21.73444,38.24444
"2578",-3.82487,40.34582
"2579",1.25537,36.19591
"2580",89.94812,24.91965
"2581",-46.36861,-23.54083
"2582",69.58222,41.46889
"2583",-79.85519,-2.17579
"2584",112.20472,31.03361
"2585",56.8204,59.4091
"2586",7.07199,6.21269
"2587",42.15139,47.51361
"2588",-6.9063,32.88108
"2589",4.77596,51.58656
"2590",24.86667,44.85
"2591",-118.32674,34.09834
"2592",5.06716,7.81514
"2593",60.10833,55.045
"2594",-58.21278,-34.76531
"2595",-5.62961,9.45803
"2596",91.42917,53.71556
"2597",13.43126,52.47719
"2598",47.08569,-21.45267
"2599",-3.73295,40.30571
"2600",108.47278,-6.705
"2601",31.1842,30.45977
"2602",40.09185,47.42096
"2603",-121.37162,38.4088
"2604",-93.29824,37.21533
"2605",-80.22394,26.00315
"2606",-36.66111,-9.7525
"2607",107.39575,29.706
"2608",59.96661,41.83625
"2609",80.81266,25.92774
"2610",8.0498,52.27264
"2611",-6.34983,32.33725
"2612",70.13333,23.08333
"2613",2.17727,41.44163
"2614",-66.77513,10.1182
"2615",110.84607,21.93924
"2616",139.55028,35.30889
"2617",122.08333,46.08333
"2618",50.20833,26.27944
"2619",34.77918,32.01034
"2620",115.3475,22.78199
"2621",-79.68292,43.45011
"2622",-112.13488,33.68393
"2623",-76.19536,4.08466
"2624",-2.58024,53.39254
"2625",50.83657,28.96887
"2626",78.4836,15.47799
"2627",130.3,33.23333
"2628",-79.65397,0.9592
"2629",71.19379,30.07258
"2630",120.00333,36.28389
"2631",74.74617,13.33467
"2632",107.58778,-7.04528
"2633",20.14824,46.253
"2634",130.90254,45.21235
"2635",77.29023,28.75143
"2636",106.15417,-6.11528
"2637",-50.32611,-27.81611
"2638",-80.35033,27.29393
"2639",-123.0351,44.9429
"2640",7.57327,47.55839
"2641",80.68265,27.56192
"2642",17.90397,44.20169
"2643",-79.83713,43.38621
"2644",7.0845,51.17343
"2645",71.78432,40.38421
"2646",29.62667,-4.87694
"2647",74.25772,31.80258
"2648",-117.56644,33.87529
"2649",77.66223,25.42378
"2650",48.02861,29.33278
"2651",13.37759,49.74747
"2652",4.32981,7.84855
"2653",44.77323,43.22597
"2654",10.63699,35.82539
"2655",5.08433,36.75587
"2656",-44.17139,-22.54417
"2657",-37.12611,-10.855
"2658",75.70502,13.84846
"2659",-0.59541,51.50949
"2660",105.69232,18.67337
"2661",2.63031,9.33716
"2662",23.64619,37.94203
"2663",77.27495,15.62788
"2664",-1.8795,50.72048
"2665",35.37148,33.55751
"2666",7.10174,13.5
"2667",136.51667,34.73333
"2668",-123.08675,44.05207
"2669",-0.24777,52.57364
"2670",116.66183,39.90395
"2671",70.36786,20.9077
"2672",8.44641,49.48121
"2673",54.09237,17.01505
"2674",28.58502,41.02072
"2675",27.83963,37.84501
"2676",-75.59174,6.17591
"2677",22.44725,13.45262
"2678",116.68092,23.44895
"2679",-96.61527,33.19762
"2680",83.97573,21.46527
"2681",16.4,48.25
"2682",6.98432,51.0303
"2683",6.90921,36.87617
"2684",-66.85067,-29.41105
"2685",75.62971,15.42977
"2686",13.05364,-5.85098
"2687",45.7222,36.7631
"2688",-99.17778,18.88139
"2689",-54.80556,-22.22111
"2690",7.17939,9.18059
"2691",-49.36972,-28.6775
"2692",68.857,36.72895
"2693",-88.18333,13.48333
"2694",5.67666,5.89405
"2695",80.48781,26.54706
"2696",-3.6411,40.47444
"2697",79.12668,28.03811
"2698",-71.33947,-29.95332
"2699",76.31502,29.31577
"2700",108.3733,11.73559
"2701",-105.08442,40.58526
"2702",88.44594,22.68944
"2703",-118.13674,34.69804
"2704",81.20613,51.51473
"2705",139.41212,35.85295
"2706",-80.68528,-4.90389
"2707",31.66049,9.53342
"2708",108.10208,10.92889
"2709",107.77206,10.65993
"2710",4.31454,50.83619
"2711",37.73076,55.91163
"2712",135.41667,34.81667
"2713",-99.29089,19.3692
"2714",35.0938,31.52935
"2715",113.92221,30.92689
"2716",-89.188,13.72397
"2717",87.07872,23.70468
"2718",-101.19154,20.57196
"2719",-52.61833,-27.09639
"2720",97.03776,20.78919
"2721",44.40514,14.54274
"2722",-72.94237,-41.4693
"2723",81.08722,43.80194
"2724",36.17347,36.58718
"2725",139.8,36.3
"2726",55.90773,53.38365
"2727",-16.27326,12.56801
"2728",-78.78112,35.79154
"2729",103.65779,1.53741
"2730",139.45,36.33333
"2731",58.39982,23.57769
"2732",88.83431,24.36537
"2733",111.50472,30.29556
"2734",112.6947,-7.8353
"2735",-82.32669,23.09544
"2736",-64.72956,-21.53549
"2737",8.21467,53.14118
"2738",37.47137,55.78363
"2739",37.6,55.88333
"2740",127.07056,37.15222
"2741",10.92539,44.64783
"2742",5.85278,51.8425
"2743",89.37558,26.84766
"2744",112.9075,-7.6453
"2745",79.76693,11.75617
"2746",5.71479,45.17869
"2747",43.88568,34.1959
"2748",0.11667,52.2
"2749",21.99901,50.04132
"2750",-111.94348,33.41421
"2751",-118.11646,34.57943
"2752",4.62744,36.06386
"2753",120.0933,30.8703
"2754",-44.99,-12.15278
"2755",-122.0808,37.66882
"2756",79.45334,25.99023
"2757",105.43518,10.38639
"2758",-82.36417,23.13833
"2759",75.91269,31.53723
"2760",-1.13116,53.52285
"2761",-114.77186,32.45612
"2762",-92.64126,16.73176
"2763",37.81306,55.82299
"2764",-40.34972,-3.68611
"2765",98.6151,3.5765
"2766",30.28484,59.90839
"2767",-80.99001,46.49
"2768",31.37787,31.0539
"2769",-58.71229,-34.54335
"2770",-121.6555,36.67774
"2771",-3.61537,40.43893
"2772",98.956,3.5679
"2773",80.15025,12.96796
"2774",131.94578,43.80291
"2775",120.74792,41.09822
"2776",29.62909,46.84274
"2777",37.33333,-3.35
"2778",123.6386,10.3773
"2779",68.63823,27.95558
"2780",27.6486,-26.31905
"2781",133.05,35.48333
"2782",140.53479,36.39659
"2783",7.95111,36.28639
"2784",4.55698,7.77104
"2785",103.52958,10.60932
"2786",18.23083,46.0725
"2787",25.9534,43.84872
"2788",102.9325,1.8548
"2789",-99.09477,19.66658
"2790",99.49277,18.29232
"2791",139.90266,35.8563
"2792",-4.95473,34.0701
"2793",140.53333,36.38333
"2794",8.78166,3.75578
"2795",139.39004,36.13497
"2796",-0.01657,5.6698
"2797",128.87529,47.72143
"2798",-48.66194,-26.90778
"2799",126.56181,33.25333
"2800",74.32938,29.58182
"2801",-5.66388,40.96882
"2802",20.40116,44.8458
"2803",3.85196,9.08297
"2804",-39.03949,-14.79364
"2805",120.97844,14.8361
"2806",129.21167,35.84278
"2807",57.49889,-20.16194
"2808",79.70006,12.83515
"2809",120.89845,29.99152
"2810",-3.6975,40.45975
"2811",120.77917,41.79194
"2812",113.9978,31.6199
"2813",29.46482,-25.77507
"2814",46.31667,-15.71667
"2815",37.89322,55.67719
"2816",29.29117,0.14164
"2817",-71.24894,-29.90453
"2818",103.76386,29.56227
"2819",23.95328,-6.74504
"2820",-96.82361,33.15067
"2821",125.98263,46.06771
"2822",34.8338,32.08074
"2823",-78.61675,-1.24908
"2824",-98.93525,18.8106
"2825",-72.58981,42.10148
"2826",3.263,34.67279
"2827",106.53028,-6.17028
"2828",41.31917,56.35722
"2829",39.75519,37.22349
"2830",134.23333,35.5
"2831",-70.1,18.41667
"2832",-85.24912,35.06535
"2833",112.73333,38.40917
"2834",33.03794,34.68406
"2835",37.46667,12.6
"2836",-95.2091,29.69106
"2837",80.20611,13.0025
"2838",10.32615,43.54427
"2839",-64.34992,-33.13067
"2840",-1.08271,53.95763
"2841",112.89161,23.15486
"2842",77.3113,24.64691
"2843",73.68802,32.07095
"2844",6.89583,52.21833
"2845",-44.31806,-23.00667
"2846",76.93555,28.69287
"2847",117.83333,36.48333
"2848",111.78333,22.16667
"2849",72.9805,21.69482
"2850",-77.04692,38.80484
"2851",13.04399,47.79941
"2852",-42.53111,-22.28194
"2853",87.32257,22.42114
"2854",-117.75228,34.05529
"2855",35.38196,46.84735
"2856",-76.13235,-13.40985
"2857",145.76613,-16.92366
"2858",82.15018,26.77549
"2859",85.04794,25.63705
"2860",121.1447,28.85535
"2861",114.99556,38.51306
"2862",-54.63556,-16.47083
"2863",45.2944,31.33198
"2864",29.4058,38.67351
"2865",67.82842,40.12341
"2866",175.28333,-37.78333
"2867",-66.62398,18.01031
"2868",-73.93541,40.8501
"2869",-105.08137,39.70471
"2870",122.11356,37.50914
"2871",44.60518,33.75403
"2872",6.68504,51.19807
"2873",116.77007,23.46132
"2874",125.645,38.75417
"2875",92.79787,24.82733
"2876",80.33491,25.47758
"2877",34.02537,38.37255
"2878",106.67135,10.60857
"2879",-58.39766,-34.61032
"2880",104.38198,31.13019
"2881",114.4,27.83333
"2882",-2.45,42.46667
"2883",139.36667,36.3
"2884",125.1038,46.53168
"2885",77.99534,26.49892
"2886",37.41224,55.81838
"2887",107.80772,11.54798
"2888",24.15,45.8
"2889",-100.09582,25.64724
"2890",-122.03635,37.36883
"2891",-67.877,10.22609
"2892",-122.25257,49.05798
"2893",113.03333,3.16667
"2894",-46.84917,-23.71694
"2895",-117.08642,33.11921
"2896",71.44929,33.58196
"2897",75.78824,26.16638
"2898",-94.62746,39.11417
"2899",113.03333,23.7
"2900",-88.30381,18.51413
"2901",46.2735,36.24992
"2902",13.40547,-12.57626
"2903",136.91667,35.28333
"2904",-64.2527,8.88902
"2905",107.51833,-7.03306
"2906",-51.46541,-25.39048
"2907",119.75278,36.38333
"2908",81.0289,21.09687
"2909",111.99444,27.73444
"2910",-16.32014,28.4853
"2911",136.61667,35.35
"2912",139.46852,35.75459
"2913",78.30196,17.49313
"2914",121.26591,28.6501
"2915",103.19822,13.10271
"2916",-72.10344,-36.60664
"2917",72.81136,19.45591
"2918",-35.26278,-5.91556
"2919",122.83333,10.53333
"2920",110.9158,-7.0868
"2921",-100.52353,28.70007
"2922",40.57723,37.18836
"2923",-73.93014,40.77205
"2924",60.62057,41.55339
"2925",37.95806,55.80945
"2926",-1.98458,50.71429
"2927",-2.2431,51.86568
"2928",30.79165,-27.76952
"2929",0.14027,35.39664
"2930",78.52633,17.44781
"2931",128.11981,36.12176
"2932",72.2863,33.99047
"2933",37.85,55.7
"2934",125.57361,-8.55861
"2935",88.43302,23.24723
"2936",-87.07987,20.6274
"2937",5.01667,47.31667
"2938",-80.14949,26.0112
"2939",-3.70275,40.41831
"2940",105.30667,-5.11306
"2941",-2.23333,53.8
"2942",139.24306,35.78389
"2943",9.11917,39.23054
"2944",-73.99681,40.63399
"2945",17.63889,59.85882
"2946",-87.35945,36.52977
"2947",-1.78416,53.64904
"2948",36.47542,45.35675
"2949",13.42443,52.53878
"2950",52.8025,29.8742
"2951",128.23789,43.37383
"2952",-6.94004,37.26638
"2953",-3.69618,40.40021
"2954",27.88382,-12.52897
"2955",41.03808,30.97531
"2956",110.15,22.63333
"2957",-118.34063,33.83585
"2958",-118.60953,34.44361
"2959",43.84528,40.7942
"2960",117.47783,30.66134
"2961",135.56667,34.73333
"2962",-6.97061,38.87789
"2963",-89.094,42.27113
"2964",-67.63212,10.30589
"2965",102.8614,-3.2945
"2966",4.35788,43.83665
"2967",88.36336,22.76602
"2968",113.91667,-2.20833
"2969",123.33917,41.65917
"2970",-43.35611,-4.85889
"2971",107.07336,20.95045
"2972",108.6311,-6.8017
"2973",5.76352,36.821
"2974",-76.33161,37.03737
"2975",-2.44926,52.67659
"2976",124.88322,46.40124
"2977",-76.24223,-9.93062
"2978",2.1394,41.40104
"2979",-88.0834,41.52519
"2980",-74.17181,40.91677
"2981",2.18982,41.43541
"2982",-2.97489,56.46913
"2983",2.75393,36.26417
"2984",-3.67975,40.42972
"2985",38.77833,55.07944
"2986",55.9939,30.4067
"2987",21.05041,52.15051
"2988",12.24538,45.49167
"2989",48.07611,29.33389
"2990",-73.18945,41.17923
"2991",4.63683,52.38084
"2992",102.833,16.44671
"2993",-8.50882,33.25682
"2994",13.40338,52.49973
"2995",20.91667,44.01667
"2996",51.17222,43.64806
"2997",-43.41389,-22.8075
"2998",77.72741,11.3428
"2999",10.39506,63.43049
"3000",-88.14729,41.78586
"3001",50.58565,26.22787
"3002",108.03775,12.66747
"3003",29.19471,-5.94749
"3004",132.87348,42.81384
"3005",24.55747,46.54245
"3006",32.29899,2.77457
"3007",5.44973,43.5283
"3008",76.79782,30.36099
"3009",109.15913,11.92144
"3010",-81.5775,23.04111
"3011",2.01891,48.77186
"3012",-46.56139,-21.78778
"3013",-2.48333,53.75
"3014",10.32618,44.79935
"3015",18.85632,50.2584
"3016",30.54333,38.75667
"3017",29.81667,-19.45
"3018",103.78333,25.48333
"3019",-70.6884,19.79344
"3020",-116.20345,43.6135
"3021",107.02214,33.07507
"3022",-3.70379,40.43404
"3023",10.38831,55.39594
"3024",88.49073,23.40576
"3025",115.20361,37.90278
"3026",-49.13232,-5.38146
"3027",26.67272,-26.98023
"3028",86.59611,25.87498
"3029",-81.09983,32.08354
"3030",103.878,1.4726
"3031",107.45583,-6.41972
"3032",131.46667,34.18333
"3033",75.20294,31.80921
"3034",112.7799,22.25135
"3035",13.06566,52.39886
"3036",32.82663,-5.01622
"3037",-58.02089,-31.39296
"3038",-76.95742,17.99107
"3039",73.73102,32.93448
"3040",-4.48628,48.39029
"3041",69.62216,40.28256
"3042",0.45782,51.56844
"3043",-96.59916,32.7668
"3044",-5.66654,11.31755
"3045",109.505,18.24306
"3046",126.97703,45.54545
"3047",22.41761,39.63689
"3048",-86.87804,12.43787
"3049",0.20471,48.00039
"3050",9.4469,4.6363
"3051",38.44671,55.78959
"3052",102.19379,38.50062
"3053",116.11768,24.28859
"3054",123.0625,0.5375
"3055",-76.14742,43.04812
"3056",29.22845,-1.67409
"3057",40.10583,44.60778
"3058",-0.10722,5.58365
"3059",4.04591,36.71182
"3060",37.67781,55.58635
"3061",37.72639,55.61252
"3062",20.98869,52.2401
"3063",30.93991,31.11174
"3064",28.505,54.2279
"3065",141.00222,43.18944
"3066",101.44316,1.66711
"3067",139.88861,35.67056
"3068",-69.19564,9.55451
"3069",-71.06573,48.41675
"3070",124.28395,8.0034
"3071",-47.95028,-16.2525
"3072",25.64194,42.43278
"3073",-2.21667,31.61667
"3074",8.69079,49.40768
"3075",-11.19025,7.87687
"3076",-35.03333,-8.28333
"3077",2.3,49.9
"3078",-68.92371,-22.45667
"3079",-41.78324,-22.38484
"3080",-1.2466,5.10535
"3081",37.75,55.7
"3082",37.8,55.7
"3083",81.52322,16.54078
"3084",43.05944,44.04861
"3085",-1.23483,54.57623
"3086",18.54179,50.09713
"3087",99.8,2.96667
"3088",30.84129,27.73264
"3089",-90.16396,29.97854
"3090",18.66709,44.53842
"3091",70.65694,28.64739
"3092",88.27444,24.59025
"3093",-118.14452,34.14778
"3094",119.64421,29.10678
"3095",8.75439,51.71905
"3096",24.76232,-28.73226
"3097",-78.76194,21.84
"3098",37.59519,55.59072
"3099",115.36108,33.26338
"3100",114.03333,22.45
"3101",-4.01,34.21
"3102",29.06667,-26.53333
"3103",95.3884,21.46002
"3104",5.91111,51.98
"3105",38.01684,55.744
"3106",-102.28387,19.9855
"3107",0.70398,47.39484
"3108",-90.56196,14.50189
"3109",88.77732,25.22099
"3110",-44.05889,-20.02194
"3111",133.33333,35.43333
"3112",-2.43333,53.58333
"3113",-38.32722,-12.89444
"3114",-65.75306,-19.58361
"3115",66.61096,27.81193
"3116",-3.70035,40.38866
"3117",1.24759,45.83362
"3118",14.44241,45.32673
"3119",-48.52537,-25.51626
"3120",68.42096,33.55391
"3121",-117.85311,33.78779
"3122",46.4227,33.6374
"3123",124.81979,43.50075
"3124",-96.92559,18.8842
"3125",-67.49656,-45.86413
"3126",100.27348,5.32699
"3127",-117.92534,33.87029
"3128",-97.7278,31.11712
"3129",88.2027,69.3535
"3130",28.47713,-26.43138
"3131",-67.04325,10.34447
"3132",76.39959,29.80153
"3133",-84.19161,39.75895
"3134",52.3154,54.90442
"3135",8.65027,49.87167
"3136",67.27833,37.22417
"3137",1.25,41.11667
"3138",-98.23001,26.20341
"3139",80.77935,27.94822
"3140",30.63646,-29.81292
"3141",4.81356,52.45313
"3142",85.36162,23.99241
"3143",136.66958,35.05192
"3144",77.81092,23.52604
"3145",-74.22321,-13.15878
"3146",-122.78217,49.2846
"3147",119.74889,40.0025
"3148",-3.6766,40.46206
"3149",119.6255,-4.0135
"3150",23.69187,38.01539
"3151",5.3875,52.155
"3152",126.91699,35.60004
"3153",-122.20068,47.61038
"3154",37.82556,55.91417
"3155",67.7769,26.73033
"3156",72.68323,31.14926
"3157",17.95093,59.42804
"3158",79.5286,29.22254
"3159",4.35351,7.47734
"3160",103.86056,13.36179
"3161",-7.55383,7.41251
"3162",88.13361,47.84864
"3163",88.65606,22.84202
"3164",79.39124,10.96209
"3165",112.7183,-7.4478
"3166",48.05722,29.25722
"3167",136.98333,34.98333
"3168",-87.95302,15.61444
"3169",-2.15761,53.40979
"3170",19.03605,47.47603
"3171",126.74778,42.96333
"3172",108.5037,-6.711
"3173",-0.13947,50.82838
"3174",30.58856,59.75069
"3175",-58.45829,-34.5627
"3176",-99.99577,20.38886
"3177",-1.75773,4.92678
"3178",69.60929,21.64219
"3179",124.81667,45.18333
"3180",3.08682,45.77969
"3181",76.40038,14.22262
"3182",-90.15285,29.98409
"3183",117.86667,31.6
"3184",4.31419,7.90292
"3185",76.83214,29.97323
"3186",79.07461,12.22662
"3187",72.9552,22.55251
"3188",-41.77667,-2.90472
"3189",-72.53539,18.23427
"3190",-1.66796,6.20228
"3191",-47.29917,-23.26417
"3192",31.59478,31.08898
"3193",139.55944,35.70611
"3194",115.83058,22.81027
"3195",-47.92639,-1.29389
"3196",-103.72714,19.24997
"3197",27.44218,-32.84721
"3198",79.8358,7.2083
"3199",55.4504,-20.88231
"3200",25.14341,35.32787
"3201",-80.23227,25.98731
"3202",120.92583,30.84918
"3203",93.50601,42.83393
"3204",37.27773,55.67798
"3205",15.55188,41.45845
"3206",88.42849,22.95998
"3207",-90.64417,14.71889
"3208",7.31174,11.52351
"3209",98.19151,14.0823
"3210",3.75628,8.83784
"3211",5.96944,52.21
"3212",106.76944,39.23333
"3213",23.56808,47.65729
"3214",122.81423,9.9839
"3215",-76.34522,37.02987
"3216",-46.55111,-23.62306
"3217",-118.44897,34.18667
"3218",-112.00105,40.69161
"3219",103.15372,23.36085
"3220",77.98597,16.74385
"3221",39.63333,11.13333
"3222",0.62218,41.61674
"3223",93.7217,25.91174
"3224",100.49849,5.48032
"3225",-73.13348,-40.57395
"3226",124.11667,50.41667
"3227",-43.55528,-22.71611
"3228",89.11943,23.9028
"3229",25.92237,-2.94373
"3230",120.89694,14.95472
"3231",-1.9945,52.51868
"3232",107.3,21.01667
"3233",6.86236,4.73614
"3234",113.35769,22.9464
"3235",95.22216,18.82464
"3236",32.73999,13.18087
"3237",78.27539,12.95629
"3238",35.19389,33.27333
"3239",16.07722,8.57437
"3240",-78.50027,-7.16378
"3241",95.45705,17.64944
"3242",127.20556,37.54
"3243",140.71813,-2.53371
"3244",20.93531,52.29242
"3245",78.93958,22.05697
"3246",76.89746,12.5223
"3247",-75.91167,4.74639
"3248",-72.19815,19.75938
"3249",104.16695,-4.12891
"3250",6.86319,33.35608
"3251",139.39101,35.4879
"3252",-4.88583,36.51543
"3253",5.30417,51.69917
"3254",121.19993,14.76011
"3255",20.22625,30.75545
"3256",41.9444,44.6333
"3257",121.1236,14.6982
"3258",21.01644,52.22904
"3259",-5.57032,42.60003
"3260",-94.81913,38.8814
"3261",137.1,35.23333
"3262",4.66741,7.91283
"3263",-100.95217,29.32322
"3264",-72.63343,18.5111
"3265",109.1325,-6.9375
"3266",-0.07553,53.56539
"3267",8.11368,6.32485
"3268",-83.01304,42.49044
"3269",100.21229,25.58474
"3270",87.0716,23.23241
"3271",29.51333,40.07806
"3272",141.55056,43.10806
"3273",105.84817,21.59422
"3274",-81.03481,34.00071
"3275",115.08818,-8.112
"3276",9.95121,49.79391
"3277",27.70203,-26.1844
"3278",85.20981,25.68544
"3279",59.94361,56.90528
"3280",81.95332,27.13181
"3281",-79.59415,-2.13404
"3282",71.72463,40.47237
"3283",69.66928,23.25397
"3284",-104.97192,39.86804
"3285",0.57292,50.85519
"3286",-73.24589,-39.81422
"3287",77.49143,13.82807
"3288",10.63125,44.69825
"3289",7.08368,4.74215
"3290",84.8808,27.01709
"3291",-0.74934,51.62907
"3292",-96.89028,32.95373
"3293",123.84944,10.24472
"3294",38.47635,7.06205
"3295",32.87722,24.97916
"3296",-78.12233,0.35171
"3297",-102.07791,31.99735
"3298",113.88333,29.71667
"3299",135.60211,34.50065
"3300",138.26667,34.86667
"3301",135.22694,34.88444
"3302",91.88313,25.56892
"3303",46.10961,36.96667
"3304",42.72083,43.91333
"3305",4.37737,50.86935
"3306",4.68889,52.3025
"3307",-8.8179,7.75624
"3308",76.65366,10.77319
"3309",34.81199,31.89421
"3310",109.01722,32.68
"3311",-79.93092,32.77657
"3312",11.39454,47.26266
"3313",112.1681,-8.0983
"3314",-97.14667,31.54933
"3315",-82.3866,23.10809
"3316",-1.315,34.87833
"3317",136.86667,35.41667
"3318",-91.51806,14.83472
"3319",49.61838,54.21386
"3320",122.73651,48.00945
"3321",-45.46167,-22.92389
"3322",123.4782,7.8275
"3323",-83.0302,42.58031
"3324",105.73855,10.30989
"3325",-79.24267,43.17126
"3326",130.45,33.03333
"3327",73.61488,22.77547
"3328",54.97628,36.41819
"3329",106.39583,39.04194
"3330",120.66288,15.08262
"3331",-70.19918,11.69152
"3332",140.01667,35.86667
"3333",74.85397,26.59006
"3334",135.57442,34.7381
"3335",102.638,25.0319
"3336",114.8642,-3.4109
"3337",4.8795,45.76601
"3338",55.16721,37.25004
"3339",87.13061,23.6164
"3340",151.95386,-27.56056
"3341",115.82991,23.43077
"3342",60.68476,27.20245
"3343",-97.13307,33.21484
"3344",97.7498,22.9359
"3345",79.80436,28.63124
"3346",131.06667,31.73333
"3347",38.2846,54.0105
"3348",26.83333,45.15
"3349",-51.15,-29.83333
"3350",135.55,34.56667
"3351",26.0951,52.1229
"3352",74.32028,26.10119
"3353",107.50092,31.21592
"3354",37.5157,36.37051
"3355",126.28333,45.35
"3356",139.2,36.31667
"3357",74.19552,30.14453
"3358",19.20479,50.33394
"3359",23.31667,55.93333
"3360",75.16878,30.81383
"3361",12.37633,32.75718
"3362",30.31154,59.96567
"3363",-91.64407,42.00833
"3364",120.22528,29.26778
"3365",-72.2395,11.37837
"3366",-75.60623,1.61438
"3367",35.25444,32.22111
"3368",-72.92816,41.30815
"3369",116.07318,22.87932
"3370",-74.80754,4.30079
"3371",-121.28801,38.75212
"3372",-71.44249,-33.04752
"3373",121.2146,31.03595
"3374",-86.78221,15.75971
"3375",-49.06667,-26.48611
"3376",-82.32483,29.65163
"3377",33.56718,13.56907
"3378",-86.09417,11.97444
"3379",-119.29206,36.33023
"3380",0.55599,35.73734
"3381",-104.34214,19.11695
"3382",90.61667,23.65
"3383",99.70779,27.82511
"3384",0.08918,35.93115
"3385",19.10549,47.51758
"3386",14.42832,27.03766
"3387",-80.66927,-5.18591
"3388",18.96641,50.13717
"3389",37.5,55.7
"3390",38.49166,48.94832
"3391",84.18217,24.90247
"3392",106.71167,39.49944
"3393",99.6158,2.9845
"3394",128.73778,35.82333
"3395",43.6498,3.11383
"3396",73.49123,32.58704
"3397",65.37917,40.08444
"3398",36.55444,40.31389
"3399",18.41583,4.25671
"3400",83.77936,26.50167
"3401",135.62033,34.71378
"3402",-80.2706,26.27119
"3403",-71.89908,45.40008
"3404",5.32502,31.94932
"3405",12.33078,41.76337
"3406",-118.83759,34.17056
"3407",128.72275,36.56636
"3408",33.58667,-16.15639
"3409",-70.3314,-27.36679
"3410",120.19694,-2.9925
"3411",-2.93352,35.16813
"3412",31.56223,30.42039
"3413",-66.85723,10.24247
"3414",50.8572,32.32612
"3415",12.10161,49.01513
"3416",135.47057,34.82691
"3417",112.85908,26.40238
"3418",130.84185,-12.46113
"3419",123.288,10.9465
"3420",-102.58141,22.76843
"3421",-74.2107,40.66399
"3422",37.76667,55.61667
"3423",34.75185,32.02379
"3424",89.07185,22.70817
"3425",-67.54194,10.17389
"3426",-73.53873,41.05343
"3427",-46.94552,-22.3677
"3428",33.79844,31.13159
"3429",36.63393,35.93062
"3430",43.03935,36.80851
"3431",-122.03107,37.97798
"3432",45.41601,50.09833
"3433",25.46816,65.01236
"3434",76.0962,13.00715
"3435",47.47755,56.11095
"3436",6.01815,47.24878
"3437",-112.33322,33.63059
"3438",5.69016,36.15281
"3439",88.37806,22.71861
"3440",40.20641,29.96974
"3441",36.83441,7.67344
"3442",32.9891,14.2459
"3443",106.63806,-6.09889
"3444",17.63512,47.68333
"3445",31.89161,26.33826
"3446",-77.12126,20.34173
"3447",78.13201,20.39324
"3448",88.41859,22.93218
"3449",37.41114,54.91578
"3450",16.58866,31.20892
"3451",34.81065,32.08227
"3452",139.60194,35.80472
"3453",73.11013,18.98878
"3454",37.68333,55.61667
"3455",37.83333,55.76667
"3456",102.5689,2.0442
"3457",-5.35723,5.83739
"3458",110.405,-7.13972
"3459",-112.13432,33.49838
"3460",118.75528,30.9525
"3461",88.37326,22.74252
"3462",-60.2108,-33.33425
"3463",135.96667,35.01667
"3464",17.92533,50.67211
"3465",-92.01984,30.22409
"3466",19.44852,-33.64651
"3467",19.40884,54.1522
"3468",0.15171,34.83033
"3469",89.70802,24.45771
"3470",-40.08512,-13.85875
"3471",19.70638,52.54682
"3472",16.28432,50.77141
"3473",47.15014,40.61832
"3474",27.98972,7.70111
"3475",33.64417,-25.05194
"3476",18.07577,59.31278
"3477",110.00404,27.56337
"3478",7.83829,5.78917
"3479",-95.67804,39.04833
"3480",8.51532,8.4939
"3481",104.71667,31.76667
"3482",68.71745,25.4605
"3483",99.33311,9.14011
"3484",27.61603,2.77391
"3485",-79.4425,21.92972
"3486",78.82346,14.47995
"3487",84.50311,26.80229
"3488",70.14361,41.01667
"3489",-122.23484,47.38093
"3490",95.08438,21.33489
"3491",42.0426,55.575
"3492",74.35039,32.32422
"3493",106.2494,-6.3591
"3494",78.05201,27.59551
"3495",110.60639,-7.70583
"3496",46.58766,43.2509
"3497",54.2661,56.092
"3498",-3.7,40.35
"3499",-118.78148,34.26945
"3500",102.26341,27.89642
"3501",-6.2891,36.52672
"3502",73.38944,30.34314
"3503",114.46716,22.7984
"3504",73.39083,30.55083
"3505",73.25272,29.99835
"3506",138.28161,36.40265
"3507",-72.93391,5.71434
"3508",-118.17202,34.0239
"3509",78.41915,24.69007
"3510",26.55597,41.67719
"3511",112.23307,-7.54595
"3512",35.65,-10.68333
"3513",78.12999,13.13768
"3514",-71.17793,46.80326
"3515",-87.13105,12.62937
"3516",14.4,27.05
"3517",-57.60647,-25.34682
"3518",115.02213,31.18013
"3519",34.24357,31.29722
"3520",101.76667,3.15
"3521",-48.05306,-23.59167
"3522",-46.51806,-18.57889
"3523",-121.95524,37.35411
"3524",107.7641,-7.1026
"3525",-86.39027,35.84562
"3526",-3.68307,40.41317
"3527",-74.01241,40.64548
"3528",106.11377,-2.12914
"3529",116.28988,23.03845
"3530",11.04057,12.87398
"3531",-73.74601,18.19331
"3532",14.79328,40.67545
"3533",-0.39602,51.65531
"3534",117.11167,34.80222
"3535",59.21949,35.27401
"3536",68.66196,25.76818
"3537",35.75279,32.33326
"3538",131.26104,-0.87956
"3539",124.84694,6.50306
"3540",29.81472,40.75694
"3541",127.80139,26.33583
"3542",-72.35366,-37.46973
"3543",116.61219,23.19346
"3544",1.41667,51.36667
"3545",30.4172,54.5081
"3546",114.50583,36.93833
"3547",-119.48568,49.88307
"3548",-46.54418,-22.9527
"3549",2.0667,7.17826
"3550",131.49751,33.27945
"3551",-68.93354,12.1084
"3552",44.54407,36.6532
"3553",27.92932,47.76314
"3554",37.49338,55.62047
"3555",75.06986,24.07184
"3556",107.47278,-6.83778
"3557",105.57332,30.50802
"3558",80.19205,21.46026
"3559",-99.35016,19.35985
"3560",53.39205,35.57691
"3561",37.61667,48.86667
"3562",-70.25259,19.30099
"3563",126.53333,44.8
"3564",120.57608,23.95671
"3565",-89.27972,13.67694
"3566",-99.01093,21.99631
"3567",-102.51874,22.74753
"3568",68.75915,27.52948
"3569",135.7929,34.50896
"3570",-78.64712,-1.67098
"3571",69.4,53.28333
"3572",15.22878,52.73679
"3573",-42.83667,-5.09417
"3574",73.75187,33.14782
"3575",7.99111,16.97333
"3576",21.04845,52.29185
"3577",-118.30091,34.05779
"3578",113.35041,25.128
"3579",-49.20836,-25.5302
"3580",45.7749,38.4329
"3581",77.55335,9.45296
"3582",1.90389,47.90289
"3583",117.65694,36.19278
"3584",27.24208,-25.66756
"3585",-72.68509,41.76371
"3586",63.11677,52.9729
"3587",-42.97822,-22.4167
"3588",6.17269,49.11911
"3589",122.95,41.06667
"3590",88.26667,27.03333
"3591",131.42444,46.55861
"3592",-68.70798,18.61501
"3593",29.46885,-23.90449
"3594",97.37001,16.91867
"3595",19.04501,47.54157
"3596",27.1,-26.71667
"3597",108.3534,-7.3257
"3598",113.2248,-8.1335
"3599",7.42608,36.46214
"3600",120.73271,14.83413
"3601",76.72211,30.67995
"3602",-57.08833,-29.75472
"3603",72.43827,24.17128
"3604",108.32,-6.32639
"3605",31.1475,-17.89
"3606",3.19249,36.74871
"3607",-5.9506,6.13193
"3608",-39.06472,-16.44972
"3609",114.27342,23.16244
"3610",10.7815,52.42452
"3611",133.30522,33.96047
"3612",127.33401,43.72145
"3613",37.65032,55.6254
"3614",-5.92088,37.28287
"3615",111.038,-6.7559
"3616",88.42286,22.63341
"3617",-38.41917,-12.13556
"3618",47.70175,30.39213
"3619",80.13165,27.39491
"3620",-100.40651,25.6604
"3621",114.8,30.45
"3622",-73.94458,40.59122
"3623",86.36303,23.33062
"3624",104.84866,15.23844
"3625",139.93254,35.38329
"3626",26.86593,-28.10391
"3627",27.78022,-25.63473
"3628",28.6399,40.982
"3629",7.19738,51.61379
"3630",-48.66778,-27.64528
"3631",112.4,29.71667
"3632",117.81667,36.81667
"3633",98.28618,39.81121
"3634",5.68889,50.84833
"3635",-78.79976,42.97839
"3636",106.35996,10.36004
"3637",27.51101,40.9781
"3638",-117.29116,34.53611
"3639",9.9187,57.048
"3640",-43.77361,-21.22583
"3641",-1.64263,52.80728
"3642",72.85772,29.79713
"3643",-90.53425,14.48285
"3644",94.90837,27.47989
"3645",9.93228,51.53443
"3646",19.45469,41.32355
"3647",37.81952,55.72393
"3648",37.55,55.75
"3649",61.4949,31.0306
"3650",77.32546,28.14469
"3651",131.66667,32.58333
"3652",0.90421,51.88921
"3653",79.26707,17.05439
"3654",41.63392,41.64228
"3655",2.4445,41.54211
"3656",-99.73314,32.44874
"3657",88.33841,22.82449
"3658",7.44744,46.94809
"3659",73.56299,22.69021
"3660",5.73332,58.97005
"3661",100.6334,-0.2159
"3662",28.12225,-26.26786
"3663",138.61667,35.21667
"3664",2.15641,41.40237
"3665",75.774,13.32231
"3666",75.32287,51.72371
"3667",121.0333,14.6
"3668",139.86793,35.94897
"3669",-8.42005,41.55032
"3670",129.27426,47.13333
"3671",83.3966,21.89764
"3672",-122.25664,38.10409
"3673",-73.54346,41.13815
"3674",69.59833,40.84472
"3675",33.8,-1.5
"3676",-51.09389,-29.95111
"3677",138.31952,34.86877
"3678",23.95385,32.08963
"3679",37.56846,55.65608
"3680",-122.27275,37.87159
"3681",116.03333,43.96667
"3682",77.36244,15.17112
"3683",-102.87136,23.18126
"3684",-97.09957,18.85195
"3685",99.96667,8.43333
"3686",9.22054,49.13995
"3687",11.42372,48.76508
"3688",137.4,34.81667
"3689",124.07167,40.45361
"3690",28.24071,-12.54982
"3691",9.99155,48.39841
"3692",101.5767,3.3213
"3693",33.215,37.18111
"3694",-80.31269,43.3601
"3695",19.0678,52.64817
"3696",-97.43948,35.22257
"3697",-75.49018,40.60843
"3698",-57.52167,-25.3386
"3699",12.38878,43.1122
"3700",76.71744,26.47249
"3701",120.40997,37.36497
"3702",112.8186,-7.59939
"3703",77.23117,28.50254
"3704",35.48389,33.37889
"3705",73.21168,34.1463
"3706",37.38115,55.63711
"3707",38.96178,55.80672
"3708",25.14026,11.27543
"3709",-87.55585,37.97476
"3710",6.9285,51.52392
"3711",-34.97806,-7.11389
"3712",35.34722,-23.85972
"3713",13.28333,52.51667
"3714",10.09633,35.6781
"3715",73.41868,31.3332
"3716",2.2081,41.45152
"3717",4.49306,52.15833
"3718",-72.5477,46.34515
"3719",10.22904,53.48462
"3720",9.27246,45.58005
"3721",4.26031,7.38299
"3722",120.97137,14.21567
"3723",-79.46352,-1.02863
"3724",28.32225,37.91631
"3725",32.89985,2.2499
"3726",-53.74306,-24.71361
"3727",8.69892,48.88436
"3728",4.67361,51.81
"3729",-48.55778,-22.29639
"3730",8.76647,50.10061
"3731",84.35609,26.22096
"3732",-92.33407,38.95171
"3733",-7.61662,33.00103
"3734",-67.45935,10.18634
"3735",-102.36764,31.84568
"3736",35.65056,-14.3525
"3737",-21.89541,64.13548
"3738",121.06761,12.35275
"3739",79.4419,23.83312
"3740",139.6853,35.815
"3741",91.1,29.65
"3742",2.90583,35.45139
"3743",139.47556,35.70222
"3744",24.61667,43.41667
"3745",12.56528,44.05755
"3746",-97.89997,22.36094
"3747",100.64578,14.06467
"3748",78.5359,19.67203
"3749",-96.7898,46.87719
"3750",-99.5413,18.34536
"3751",106.575,-6.11889
"3752",15.50643,51.93548
"3753",-46.42528,-23.895
"3754",27.48333,-29.31667
"3755",83.89751,18.2989
"3756",40.11692,-3.21799
"3757",78.55911,17.40577
"3758",0.28453,50.76871
"3759",17.38063,-3.31687
"3760",79.9015,6.8905
"3761",-3.46973,40.45535
"3762",-94.10185,30.08605
"3763",13.68952,11.52134
"3764",4.48557,7.84036
"3765",-105.47012,28.19013
"3766",70.62347,21.75482
"3767",116.16869,23.31072
"3768",70.8377,22.81731
"3769",-76.29783,3.90089
"3770",37.48496,55.65625
"3771",100.04427,13.8196
"3772",72.12963,23.8507
"3773",13.45482,52.51559
"3774",1.13333,8.98333
"3775",20.98698,50.01381
"3776",-79.20422,-3.99313
"3777",-3.52751,50.7236
"3778",11.3596,8.89367
"3779",16.55276,59.61617
"3780",19.77234,3.25651
"3781",90.4993,56.2694
"3782",116.64783,40.12175
"3783",-1.35678,53.43012
"3784",135.7,34.68333
"3785",-103.73778,19.26722
"3786",-64.46428,9.42958
"3787",99.1625,3.3285
"3788",-72.86521,18.43117
"3789",-73.36778,5.53528
"3790",8.59298,53.53615
"3791",-70.91129,-53.15483
"3792",24.35,55.73333
"3793",96.45683,22.03501
"3794",-94.41551,39.09112
"3795",109.64794,-6.97038
"3796",141.3,38.41667
"3797",129.42333,42.77139
"3798",76.22196,30.70547
"3799",-67.42929,8.92416
"3800",7.1925,51.17983
"3801",-8.8882,38.5244
"3802",20.34972,43.89139
"3803",-83.74088,42.27756
"3804",9.9404,4.9547
"3805",-12.86576,10.05692
"3806",118.47972,36.69667
"3807",71.66671,22.16917
"3808",88.34563,22.72394
"3809",-49.1925,-25.44472
"3810",7.14333,35.43583
"3811",131.56667,34.05
"3812",37.89047,40.97782
"3813",126.28944,41.15472
"3814",6.63282,46.516
"3815",-118.02757,34.06862
"3816",-83.37794,33.96095
"3817",3.22424,51.20892
"3818",-38.40389,-12.78444
"3819",83.18358,26.06832
"3820",14.20283,42.4584
"3821",71.25771,29.14269
"3822",-45.43028,-21.55139
"3823",-89.64371,39.80172
"3824",78.37389,45.01556
"3825",-3.79028,37.76922
"3826",-70.0199,-15.8422
"3827",-3.7317,40.43547
"3828",-2.07972,51.90006
"3829",77.59632,13.10073
"3830",-73.94542,40.80788
"3831",113.4418,23.11037
"3832",21.71671,47.95539
"3833",120.73333,49.28333
"3834",42.05778,44.22333
"3835",-5.45051,36.13326
"3836",80.99555,16.43547
"3837",125.35722,6.74972
"3838",136.93333,34.88333
"3839",-55.5025,-11.86417
"3840",37.66667,55.73333
"3841",38.81669,48.46893
"3842",-97.6789,30.50826
"3843",38.4438,55.86647
"3844",13.35,52.46667
"3845",-77.94471,34.22573
"3846",120.89878,14.48369
"3847",-73.9425,40.79472
"3848",118.01667,37.36667
"3849",4.49306,52.0575
"3850",79.90708,6.88297
"3851",15.2066,59.27412
"3852",-80.25599,43.54594
"3853",38.50169,52.62366
"3854",-3.76752,40.23604
"3855",110.7083,-6.4846
"3856",37.33583,55.64528
"3857",88.32586,22.78498
"3858",7.35056,5.82917
"3859",111.42944,27.68806
"3860",122.05228,37.26366
"3861",-105.08748,39.80276
"3862",43.66667,-23.35
"3863",9.87391,37.27442
"3864",-111.65853,40.23384
"3865",-45.93639,-22.23
"3866",82.71617,26.78817
"3867",121.72285,17.61577
"3868",-89.58899,40.69365
"3869",-84.55553,42.73253
"3870",110.74894,19.6157
"3871",22.2947,48.6242
"3872",66.8972,36.75635
"3873",-0.53792,53.22683
"3874",117.5,36.71667
"3875",26.66667,47.75
"3876",61.83031,37.59378
"3877",105.97193,9.59995
"3878",170.50361,-45.87416
"3879",86.93348,21.49266
"3880",107.81056,-6.28417
"3881",-39.58028,-16.3775
"3882",108,13.98333
"3883",-118.13257,33.94001
"3884",-76.48098,44.22976
"3885",121.14944,30.05
"3886",9.66721,45.69601
"3887",106.77444,-6.40278
"3888",77.72035,14.41435
"3889",41.94134,37.9293
"3890",39.49015,39.73919
"3891",-9.30568,10.38542
"3892",-106.86319,28.40884
"3893",-58.47263,-34.67907
"3894",79.93548,37.1075
"3895",37.44654,55.68432
"3896",2.86514,33.8
"3897",-48.445,-22.88583
"3898",75.87949,30.5309
"3899",-109.44372,27.07028
"3900",4.72074,8.14911
"3901",68.25457,58.19807
"3902",78.59784,20.73933
"3903",114.71311,22.99376
"3904",16.93333,-12.38333
"3905",124.82769,45.12902
"3906",113.59839,24.68413
"3907",-46.9025,-23.5275
"3908",123.30261,9.30722
"3909",19.08068,47.52978
"3910",6.95314,50.96545
"3911",138.91667,35.11667
"3912",-117.35059,33.15809
"3913",18.9742,50.30582
"3914",28.41661,-13.13667
"3915",-23.51254,14.93152
"3916",-73.87791,40.73649
"3917",-117.91867,33.64113
"3918",75.39797,28.12559
"3919",-80.2456,25.94204
"3920",143.89083,43.80306
"3921",-105.0372,39.83665
"3922",-110.89755,27.91928
"3923",-1.41667,53.25
"3924",-89.58426,40.71754
"3925",-82.8001,27.96585
"3926",37.97218,55.92497
"3927",-122.03997,38.24936
"3928",31.99982,36.54375
"3929",-82.30067,23.12518
"3930",72.3556,30.0445
"3931",122.78333,45.33333
"3932",73.99333,17.68589
"3933",1.09932,49.44313
"3934",102.57548,24.77985
"3935",78.78277,28.45178
"3936",72.60349,61.09979
"3937",9.20427,48.49144
"3938",-73.91875,40.69427
"3939",117.4831,27.34089
"3940",112.4338,-7.4664
"3941",22.86255,47.79926
"3942",105.76667,19.8
"3943",124.04028,42.53306
"3944",72.64607,30.72708
"3945",-69.74206,9.04183
"3946",-73.96514,40.5976
"3947",-92.4699,44.02163
"3948",89.84064,23.60612
"3949",-89.17917,13.80722
"3950",84.91656,26.64862
"3951",86.16712,23.63556
"3952",29.2456,52.0495
"3953",78.82141,10.38128
"3954",-88.28119,42.03725
"3955",-63.25387,10.66516
"3956",76.6183,28.199
"3957",92.74635,11.66613
"3958",-94.5569,18.00011
"3959",8.25341,4.80293
"3960",10.98856,49.47593
"3961",106.43645,29.82739
"3962",-117.14836,33.49364
"3963",-111.9391,40.60967
"3964",105.15242,9.17682
"3965",-46.41333,-23.71056
"3966",36.4027,33.57175
"3967",35.7,-7.76667
"3968",6.09444,52.5125
"3969",49.9462,53.0959
"3970",58.50955,37.106
"3971",79.62045,17.14054
"3972",80.6336,7.2906
"3973",88.83084,23.04553
"3974",-118.35313,33.96168
"3975",38.44207,48.90485
"3976",-43.78611,-20.66028
"3977",79.58871,24.9177
"3978",26.53333,55.88333
"3979",-44.44667,-22.46889
"3980",0.46958,51.73575
"3981",49.3039,31.9364
"3982",107.75278,-6.93889
"3983",88.63701,22.86416
"3984",110.21778,-7.47056
"3985",7.32866,47.75205
"3986",-64.28333,-36.61667
"3987",57.46609,-20.23325
"3988",10.25421,5.62611
"3989",-49.41028,-25.59306
"3990",77.51006,21.25665
"3991",88.36861,23.4067
"3992",7.39577,6.85783
"3993",10.45536,12.87695
"3994",120.30947,32.85231
"3995",75.69275,18.23454
"3996",-46.55028,-23.11694
"3997",-46.82833,-23.21139
"3998",136.25,35.25
"3999",112.30424,22.18659
"4000",36.08111,40.3875
